"Nome Parlamentar","NomeSemAcento","Partido","UF","Condição","Inicio","Fim"
"ABELARDO LUPION                ","ABELARDO LUPION                ","PFL","PR","titular",2/1/1995,1/31/1999
"ADÃO PRETTO                    ","ADAO PRETTO                    ","PT","RS","titular",2/1/1995,1/31/1999
"ADAUTO PEREIRA                 ","ADAUTO PEREIRA                 ","PFL","PB","titular",2/1/1995,1/31/1999
"ADELAIDE NERI                  ","ADELAIDE NERI                  ","PMDB","AC","suplente",5/6/1997,8/6/1997
"ADELSON RIBEIRO                ","ADELSON RIBEIRO                ","PSDB","SE","titular",2/1/1995,1/31/1999
"ADELSON SALVADOR               ","ADELSON SALVADOR               ","PMDB","ES","titular",2/1/1995,1/31/1999
"ADEMIR CUNHA                   ","ADEMIR CUNHA                   ","PFL","PE","efetivado",2/17/1997,3/19/1998
"ADEMIR CUNHA                   ","ADEMIR CUNHA                   ","PFL","PE","efetivado",1/7/1999,1/31/1999
"ADEMIR LUCAS                   ","ADEMIR LUCAS                   ","PSDB","MG","titular",2/1/1995,2/2/1995
"ADEMIR LUCAS                   ","ADEMIR LUCAS                   ","PSDB","MG","titular",6/4/1996,1/31/1999
"ADHEMAR DE BARROS FILHO        ","ADHEMAR DE BARROS FILHO        ","PPB","SP","titular",2/1/1995,1/31/1999
"ADROALDO STRECK                ","ADROALDO STRECK                ","PSDB","RS","suplente",2/2/1995,1/31/1999
"ADYLSON MOTTA                  ","ADYLSON MOTTA                  ","PPB","RS","titular",2/1/1995,1/19/1999
"AÉCIO DE BORBA                 ","AECIO DE BORBA                 ","PPB","CE","suplente",7/16/1997,4/1/1998
"AÉCIO NEVES                    ","AECIO NEVES                    ","PSDB","MG","titular",2/1/1995,1/31/1999
"AFFONSO CAMARGO                ","AFFONSO CAMARGO                ","PFL","PR","titular",2/1/1995,1/31/1999
"AGNALDO TIMÓTEO                ","AGNALDO TIMOTEO                ","PPB","RJ","efetivado",5/3/1995,12/30/1996
"AGNELO QUEIROZ                 ","AGNELO QUEIROZ                 ","PC DO B","DF","titular",2/1/1995,1/31/1999
"AIRTON DIPP                    ","AIRTON DIPP                    ","PDT","RS","titular",2/1/1995,1/31/1999
"ALBÉRICO CORDEIRO              ","ALBERICO CORDEIRO              ","PTB","AL","titular",2/1/1995,1/31/1999
"ALBÉRICO FILHO                 ","ALBERICO FILHO                 ","PMDB","MA","suplente",3/6/1995,4/2/1998
"ALBERTO GOLDMAN                ","ALBERTO GOLDMAN                ","PSDB","SP","titular",2/1/1995,1/31/1999
"ALBERTO SILVA                  ","ALBERTO SILVA                  ","PMDB","PI","titular",2/1/1995,1/31/1999
"ALCESTE ALMEIDA                ","ALCESTE ALMEIDA                ","PMDB","RR","titular",2/1/1995,1/31/1999
"ALCIDES MODESTO                ","ALCIDES MODESTO                ","PT","BA","titular",2/1/1995,1/31/1999
"ALCIONE ATHAYDE                ","ALCIONE ATHAYDE                ","PPB","RJ","efetivado",3/6/1995,2/16/1997
"ALCIONE ATHAYDE                ","ALCIONE ATHAYDE                ","PPB","RJ","efetivado",2/20/1997,1/31/1999
"ALDIR CABRAL                   ","ALDIR CABRAL                   ","PFL","RJ","titular",2/1/1995,3/5/1995
"ALDIR CABRAL                   ","ALDIR CABRAL                   ","PFL","RJ","titular",11/28/1996,1/31/1999
"ALDO ARANTES                   ","ALDO ARANTES                   ","PC DO B","GO","titular",2/1/1995,1/31/1999
"ALDO REBELO                    ","ALDO REBELO                    ","PC DO B","SP","titular",2/1/1995,1/31/1999
"ALEXANDRE CARDOSO              ","ALEXANDRE CARDOSO              ","PSB","RJ","titular",2/1/1995,1/11/1999
"ALEXANDRE CERANTO              ","ALEXANDRE CERANTO              ","PFL","PR","suplente",2/3/1995,4/2/1996
"ALEXANDRE CERANTO              ","ALEXANDRE CERANTO              ","PFL","PR","suplente",1/1/1997,4/2/1998
"ALEXANDRE SANTOS               ","ALEXANDRE SANTOS               ","PSDB","RJ","titular",2/1/1995,1/31/1999
"ALMINO AFFONSO                 ","ALMINO AFFONSO                 ","PSB","SP","titular",2/1/1995,1/31/1999
"ALOYSIO NUNES FERREIRA         ","ALOYSIO NUNES FERREIRA         ","PSDB","SP","titular",2/1/1995,1/31/1999
"ÁLVARO GAUDÊNCIO NETO          ","ALVARO GAUDENCIO NETO          ","PFL","PB","titular",2/1/1995,1/31/1999
"ÁLVARO RIBEIRO                 ","ALVARO RIBEIRO                 ","PSB","PE","suplente",9/11/1997,4/1/1998
"ALVARO VALLE                   ","ALVARO VALLE                   ","PL","RJ","titular",2/1/1995,1/31/1999
"ALZIRA ÉWERTON                 ","ALZIRA EWERTON                 ","PSDB","AM","titular",2/1/1995,1/31/1999
"AMARAL NETTO                   ","AMARAL NETTO                   ","PPB","RJ","titular",2/3/1995,4/27/1995
"ANA CATARINA                   ","ANA CATARINA                   ","PMDB","RN","efetivado",10/30/1997,3/31/1998
"ANA CATARINA                   ","ANA CATARINA                   ","PMDB","RN","efetivado",12/28/1998,1/31/1999
"ANA JÚLIA                      ","ANA JULIA                      ","PT","PA","titular",2/1/1995,12/31/1996
"ANDRE PUCCINELLI               ","ANDRE PUCCINELLI               ","PMDB","MS","titular",2/1/1995,7/22/1996
"ANDRE PUCCINELLI               ","ANDRE PUCCINELLI               ","PMDB","MS","titular",11/22/1996,12/31/1996
"ANÍBAL GOMES                   ","ANIBAL GOMES                   ","PSDB","CE","titular",2/1/1995,1/31/1999
"ANIVALDO VALE                  ","ANIVALDO VALE                  ","PSDB","PA","titular",2/1/1995,1/31/1999
"ANTÔNIO AURELIANO              ","ANTONIO AURELIANO              ","PSDB","MG","suplente",2/3/1995,2/5/1997
"ANTONIO BALHMANN               ","ANTONIO BALHMANN               ","PPS","CE","titular",2/1/1995,1/31/1999
"ANTÔNIO BRASIL                 ","ANTONIO BRASIL                 ","PMDB","PA","titular",2/1/1995,1/31/1999
"ANTONIO CARLOS PANNUNZIO       ","ANTONIO CARLOS PANNUNZIO       ","PSDB","SP","titular",2/1/1995,1/31/1999
"ANTÔNIO DO VALLE               ","ANTONIO DO VALLE               ","PMDB","MG","titular",2/1/1995,1/31/1999
"ANTONIO DOS SANTOS             ","ANTONIO DOS SANTOS             ","PFL","CE","titular",2/1/1995,1/31/1999
"ANTONIO EBLING                 ","ANTONIO EBLING                 ","PTB","RS","suplente",7/1/1998,10/31/1998
"ANTÔNIO FALEIROS               ","ANTONIO FALEIROS               ","PSDB","GO","efetivado",1/5/1999,1/31/1999
"ANTONIO FEIJÃO                 ","ANTONIO FEIJAO                 ","PSDB","AP","titular",2/1/1995,1/31/1999
"ANTONIO FERREIRA               ","ANTONIO FERREIRA               ","PMDB","AL","suplente",1/4/1999,1/31/1999
"ANTÔNIO GERALDO                ","ANTONIO GERALDO                ","PFL","PE","titular",2/1/1995,1/31/1999
"ANTÔNIO JOAQUIM                ","ANTONIO JOAQUIM                ","PSDB","MT","titular",2/1/1995,3/4/1996
"ANTÔNIO JOAQUIM                ","ANTONIO JOAQUIM                ","PSDB","MT","titular",10/21/1997,1/31/1999
"ANTONIO JOAQUIM ARAUJO         ","ANTONIO JOAQUIM ARAUJO         ","PL","MA","titular",2/1/1995,1/31/1999
"ANTÔNIO JORGE                  ","ANTONIO JORGE                  ","PFL","TO","titular",2/1/1995,4/2/1996
"ANTÔNIO JORGE                  ","ANTONIO JORGE                  ","PFL","TO","titular",5/31/1996,1/31/1999
"ANTONIO KANDIR                 ","ANTONIO KANDIR                 ","PSDB","SP","titular",2/1/1995,6/3/1996
"ANTONIO KANDIR                 ","ANTONIO KANDIR                 ","PSDB","SP","titular",4/1/1998,1/31/1999
"ANTONIO UENO                   ","ANTONIO UENO                   ","PFL","PR","titular",2/1/1995,1/31/1999
"ARACELY DE PAULA               ","ARACELY DE PAULA               ","PFL","MG","titular",2/1/1995,1/31/1999
"ARI MAGALHÃES                  ","ARI MAGALHAES                  ","PPB","PI","titular",2/1/1995,8/20/1995
"ARI MAGALHÃES                  ","ARI MAGALHAES                  ","PPB","PI","titular",12/23/1995,4/21/1998
"ARI MAGALHÃES                  ","ARI MAGALHAES                  ","PPB","PI","titular",9/19/1998,1/31/1999
"ARIOSTO HOLANDA                ","ARIOSTO HOLANDA                ","PSDB","CE","efetivado",8/18/1995,8/31/1995
"ARIOSTO HOLANDA                ","ARIOSTO HOLANDA                ","PSDB","CE","efetivado",4/3/1998,1/31/1999
"ARLINDO CHINAGLIA              ","ARLINDO CHINAGLIA              ","PT","SP","titular",2/1/1995,1/31/1999
"ARLINDO VARGAS                 ","ARLINDO VARGAS                 ","PTB","RS","efetivado",1/2/1997,1/31/1999
"ARMANDO ABÍLIO                 ","ARMANDO ABILIO                 ","PMDB","PB","titular",2/1/1995,1/31/1999
"ARMANDO COSTA                  ","ARMANDO COSTA                  ","PMDB","MG","titular",2/1/1995,1/31/1999
"ARNALDO FARIA DE SÁ            ","ARNALDO FARIA DE SA            ","PPB","SP","titular",2/1/1995,1/31/1999
"ARNALDO MADEIRA                ","ARNALDO MADEIRA                ","PSDB","SP","efetivado",2/2/1995,1/31/1999
"ARNON BEZERRA                  ","ARNON BEZERRA                  ","PSDB","CE","titular",2/1/1995,1/31/1999
"AROLDE DE OLIVEIRA             ","AROLDE DE OLIVEIRA             ","PFL","RJ","titular",2/1/1995,1/31/1999
"AROLDO CEDRAZ                  ","AROLDO CEDRAZ                  ","PFL","BA","titular",2/1/1995,1/31/1999
"ARTHUR VIRGÍLIO                ","ARTHUR VIRGILIO                ","PSDB","AM","titular",2/1/1995,1/31/1999
"ARY KARA                       ","ARY KARA                       ","PPB","SP","titular",2/1/1995,1/31/1999
"ARY VALADÃO                    ","ARY VALADAO                    ","PPB","TO","suplente",4/3/1996,5/30/1996
"ARY VALADÃO                    ","ARY VALADAO                    ","PPB","TO","suplente",6/3/1996,7/31/1996
"ASDRÚBAL BENTES                ","ASDRUBAL BENTES                ","PMDB","PA","efetivado",1/2/1997,1/31/1999
"ASSIS CANUTO                   ","ASSIS CANUTO                   ","PDT","RO","suplente",3/2/1998,3/3/1998
"ASSIS CANUTO                   ","ASSIS CANUTO                   ","PDT","RO","suplente",5/18/1998,9/13/1998
"ÁTILA LINS                     ","ATILA LINS                     ","PFL","AM","titular",2/1/1995,1/31/1999
"AUGUSTINHO FREITAS             ","AUGUSTINHO FREITAS             ","PPB","MT","titular",2/1/1995,3/27/1996
"AUGUSTINHO FREITAS             ","AUGUSTINHO FREITAS             ","PPB","MT","titular",7/31/1996,10/28/1996
"AUGUSTO CARVALHO               ","AUGUSTO CARVALHO               ","PPS","DF","titular",2/1/1995,1/31/1999
"AUGUSTO FARIAS                 ","AUGUSTO FARIAS                 ","PFL","AL","titular",2/1/1995,1/31/1999
"AUGUSTO NARDES                 ","AUGUSTO NARDES                 ","PPB","RS","titular",2/1/1995,1/31/1999
"AUGUSTO VIVEIROS               ","AUGUSTO VIVEIROS               ","PFL","RN","titular",2/1/1995,1/31/1999
"AYRES DA CUNHA                 ","AYRES DA CUNHA                 ","PFL","SP","titular",2/1/1995,8/11/1997
"AYRES DA CUNHA                 ","AYRES DA CUNHA                 ","PFL","SP","titular",3/19/1998,1/31/1999
"AYRTON XEREZ                   ","AYRTON XEREZ                   ","PSDB","RJ","efetivado",5/19/1995,6/10/1996
"AYRTON XEREZ                   ","AYRTON XEREZ                   ","PSDB","RJ","efetivado",7/10/1996,11/27/1996
"AYRTON XEREZ                   ","AYRTON XEREZ                   ","PSDB","RJ","efetivado",1/1/1997,1/8/1997
"AYRTON XEREZ                   ","AYRTON XEREZ                   ","PSDB","RJ","efetivado",1/27/1997,2/16/1997
"AYRTON XEREZ                   ","AYRTON XEREZ                   ","PSDB","RJ","efetivado",2/24/1997,2/24/1997
"AYRTON XEREZ                   ","AYRTON XEREZ                   ","PSDB","RJ","efetivado",5/6/1997,5/7/1997
"AYRTON XEREZ                   ","AYRTON XEREZ                   ","PSDB","RJ","efetivado",1/30/1998,1/31/1999
"B. SÁ                          ","B. SA                          ","PSDB","PI","titular",2/1/1995,1/31/1999
"BARBOSA NETO                   ","BARBOSA NETO                   ","PMDB","GO","titular",2/1/1995,1/31/1999
"BASÍLIO VILLANI                ","BASILIO VILLANI                ","PSDB","PR","titular",2/1/1995,1/31/1999
"BENEDITO DE LIRA               ","BENEDITO DE LIRA               ","PFL","AL","titular",2/1/1995,1/31/1999
"BENEDITO DOMINGOS              ","BENEDITO DOMINGOS              ","PPB","DF","titular",2/1/1995,12/31/1998
"BENEDITO GUIMARÃES             ","BENEDITO GUIMARAES             ","PPB","PA","titular",2/1/1995,1/31/1999
"BENITO GAMA                    ","BENITO GAMA                    ","PFL","BA","titular",2/1/1995,1/3/1999
"BETINHO ROSADO                 ","BETINHO ROSADO                 ","PFL","RN","titular",2/1/1995,1/31/1999
"BETO LELIS                     ","BETO LELIS                     ","PSB","BA","titular",2/1/1995,12/31/1996
"BETO MANSUR                    ","BETO MANSUR                    ","PPB","SP","titular",2/1/1995,12/31/1996
"BONIFÁCIO DE ANDRADA           ","BONIFACIO DE ANDRADA           ","PSDB","MG","titular",2/1/1995,1/31/1999
"BOSCO FRANÇA                   ","BOSCO FRANCA                   ","S. PART.","SE","titular",2/1/1995,1/31/1999
"CÂNDIDO MENDES                 ","CANDIDO MENDES                 ","PSDB","RJ","suplente",9/10/1997,1/29/1998
"CANDINHO MATTOS                ","CANDINHO MATTOS                ","PSDB","RJ","titular",2/1/1995,1/31/1999
"CARLOS AIRTON                  ","CARLOS AIRTON                  ","PPB","AC","titular",2/1/1995,1/31/1999
"CARLOS ALBERTO                 ","CARLOS ALBERTO                 ","PSDB","RN","titular",2/1/1995,12/21/1998
"CARLOS ALBERTO CAMPISTA        ","CARLOS ALBERTO CAMPISTA        ","PFL","RJ","titular",1/3/1997,1/31/1999
"CARLOS APOLINÁRIO              ","CARLOS APOLINARIO              ","PMDB","SP","titular",2/1/1995,1/31/1999
"CARLOS CAMURÇA                 ","CARLOS CAMURCA                 ","PPB","RO","titular",2/1/1995,12/11/1996
"CARLOS CARDINAL                ","CARLOS CARDINAL                ","PDT","RS","titular",2/1/1995,1/31/1999
"CARLOS DA CARBRÁS              ","CARLOS DA CARBRAS              ","PFL","AM","suplente",2/3/1995,3/6/1996
"CARLOS DA CARBRÁS              ","CARLOS DA CARBRAS              ","PFL","AM","suplente",5/28/1996,12/30/1996
"CARLOS MAGNO                   ","CARLOS MAGNO                   ","PFL","SE","titular",2/1/1995,1/31/1999
"CARLOS MELLES                  ","CARLOS MELLES                  ","PFL","MG","titular",2/1/1995,1/31/1999
"CARLOS MENDES                  ","CARLOS MENDES                  ","PMDB","GO","suplente",4/20/1995,4/25/1995
"CARLOS MENDES                  ","CARLOS MENDES                  ","PMDB","GO","suplente",11/11/1997,12/31/1998
"CARLOS MOSCONI                 ","CARLOS MOSCONI                 ","PSDB","MG","titular",2/1/1995,2/5/1997
"CARLOS MOSCONI                 ","CARLOS MOSCONI                 ","PSDB","MG","titular",4/2/1998,1/31/1999
"CARLOS NELSON                  ","CARLOS NELSON                  ","PMDB","SP","titular",2/1/1995,1/31/1999
"CARLOS SANTANA                 ","CARLOS SANTANA                 ","PT","RJ","titular",2/1/1995,1/31/1999
"CÁSSIO CUNHA LIMA              ","CASSIO CUNHA LIMA              ","PMDB","PB","titular",2/1/1995,12/30/1996
"CECI CUNHA                     ","CECI CUNHA                     ","PSDB","AL","titular",2/1/1995,12/15/1998
"CÉLIA MENDES                   ","CELIA MENDES                   ","PPB","AC","titular",2/1/1995,1/31/1999
"CELSO DANIEL                   ","CELSO DANIEL                   ","PT","SP","titular",2/1/1995,12/31/1996
"CELSO RUSSOMANNO               ","CELSO RUSSOMANNO               ","PPB","SP","titular",2/1/1995,1/31/1999
"CESAR BANDEIRA                 ","CESAR BANDEIRA                 ","PFL","MA","titular",2/1/1995,1/31/1999
"CHICÃO BRÍGIDO                 ","CHICAO BRIGIDO                 ","PMDB","AC","titular",2/1/1995,5/5/1997
"CHICÃO BRÍGIDO                 ","CHICAO BRIGIDO                 ","PMDB","AC","titular",8/7/1997,1/31/1999
"CHICO DA PRINCESA              ","CHICO DA PRINCESA              ","PTB","PR","efetivado",2/3/1995,1/31/1999
"CHICO FERRAMENTA               ","CHICO FERRAMENTA               ","PT","MG","titular",2/1/1995,12/31/1996
"CHICO VIGILANTE                ","CHICO VIGILANTE                ","PT","DF","titular",2/1/1995,1/31/1999
"CIDINHA CAMPOS                 ","CIDINHA CAMPOS                 ","PDT","RJ","titular",2/1/1995,1/31/1999
"CIPRIANO CORREIA               ","CIPRIANO CORREIA               ","PSDB","RN","titular",2/1/1995,5/7/1998
"CIPRIANO CORREIA               ","CIPRIANO CORREIA               ","PSDB","RN","titular",9/15/1998,1/31/1999
"CIRO NOGUEIRA                  ","CIRO NOGUEIRA                  ","PFL","PI","titular",2/1/1995,1/31/1999
"CLAUDIO CAJADO                 ","CLAUDIO CAJADO                 ","PFL","BA","titular",2/1/1995,1/31/1999
"CLÁUDIO CHAVES                 ","CLAUDIO CHAVES                 ","PFL","AM","suplente",3/7/1996,5/27/1996
"CLÁUDIO CHAVES                 ","CLAUDIO CHAVES                 ","PFL","AM","suplente",1/1/1997,1/8/1998
"CLEONÂNCIO FONSECA             ","CLEONANCIO FONSECA             ","PMDB","SE","titular",2/1/1995,1/31/1999
"COLBERT MARTINS                ","COLBERT MARTINS                ","PPS","BA","efetivado",1/2/1997,1/31/1999
"CONFÚCIO MOURA                 ","CONFUCIO MOURA                 ","PMDB","RO","titular",2/1/1995,1/31/1999
"CORAUCI SOBRINHO               ","CORAUCI SOBRINHO               ","PFL","SP","titular",2/1/1995,1/31/1999
"CORIOLANO SALES                ","CORIOLANO SALES                ","PDT","BA","titular",2/1/1995,1/31/1999
"COSTA FERREIRA                 ","COSTA FERREIRA                 ","PFL","MA","efetivado",3/6/1995,4/2/1998
"COSTA FERREIRA                 ","COSTA FERREIRA                 ","PFL","MA","efetivado",6/10/1998,1/31/1999
"CUNHA BUENO                    ","CUNHA BUENO                    ","PPB","SP","titular",2/1/1995,1/31/1999
"CUNHA LIMA                     ","CUNHA LIMA                     ","PPB","SP","titular",2/1/1995,1/31/1999
"DALILA FIGUEIREDO              ","DALILA FIGUEIREDO              ","PSDB","SP","suplente",1/3/1997,3/31/1998
"DANILO DE CASTRO               ","DANILO DE CASTRO               ","PSDB","MG","titular",2/1/1995,1/31/1999
"DARCI COELHO                   ","DARCI COELHO                   ","PFL","TO","titular",2/1/1995,2/2/1995
"DARCI COELHO                   ","DARCI COELHO                   ","PFL","TO","titular",8/1/1995,5/31/1996
"DARCI COELHO                   ","DARCI COELHO                   ","PFL","TO","titular",8/7/1996,9/17/1996
"DARCI COELHO                   ","DARCI COELHO                   ","PFL","TO","titular",10/21/1996,1/31/1999
"DARCÍSIO PERONDI               ","DARCISIO PERONDI               ","PMDB","RS","titular",2/1/1995,1/31/1999
"DAVI ALVES SILVA               ","DAVI ALVES SILVA               ","PPB","MA","titular",2/1/1995,9/22/1998
"DE VELASCO                     ","DE VELASCO                     ","PRONA","SP","titular",2/1/1995,1/31/1999
"DEJANDIR DALPASQUALE           ","DEJANDIR DALPASQUALE           ","PMDB","SC","suplente",2/13/1995,2/13/1995
"DEJANDIR DALPASQUALE           ","DEJANDIR DALPASQUALE           ","PMDB","SC","suplente",1/2/1997,4/2/1998
"DELFIM NETTO                   ","DELFIM NETTO                   ","PPB","SP","titular",2/1/1995,1/31/1999
"DÉRCIO KNOP                    ","DERCIO KNOP                    ","PDT","SC","efetivado",1/2/1997,1/31/1999
"DILCEU SPERAFICO               ","DILCEU SPERAFICO               ","PPB","PR","titular",2/1/1995,1/31/1999
"DILSO SPERAFICO                ","DILSO SPERAFICO                ","PSDB","MS","titular",2/1/1995,1/31/1999
"DJALMA DE ALMEIDA CESAR        ","DJALMA DE ALMEIDA CESAR        ","PMDB","PR","efetivado",10/7/1996,1/31/1999
"DOLORES NUNES                  ","DOLORES NUNES                  ","PFL","TO","titular",2/1/1995,1/31/1999
"DOMINGOS DUTRA                 ","DOMINGOS DUTRA                 ","PT","MA","titular",2/1/1995,12/30/1996
"DOMINGOS LEONELLI              ","DOMINGOS LEONELLI              ","PSB","BA","titular",2/1/1995,1/31/1999
"DUILIO PISANESCHI              ","DUILIO PISANESCHI              ","PTB","SP","titular",2/1/1995,1/31/1999
"EDINHO ARAÚJO                  ","EDINHO ARAUJO                  ","PMDB","SP","titular",2/1/1995,1/31/1999
"EDINHO BEZ                     ","EDINHO BEZ                     ","PMDB","SC","titular",2/1/1995,1/31/1999
"EDISON ANDRINO                 ","EDISON ANDRINO                 ","PMDB","SC","titular",2/1/1995,1/31/1999
"EDSON EZEQUIEL                 ","EDSON EZEQUIEL                 ","PDT","RJ","titular",2/1/1995,12/30/1996
"EDSON MENEZES DA SILVA         ","EDSON MENEZES DA SILVA         ","PC DO B","RS","efetivado",1/5/1999,1/31/1999
"EDSON QUEIROZ                  ","EDSON QUEIROZ                  ","PPB","CE","titular",2/1/1995,7/14/1997
"EDSON SILVA                    ","EDSON SILVA                    ","PSDB","CE","efetivado",9/4/1995,1/31/1999
"EDSON SOARES                   ","EDSON SOARES                   ","PSDB","MG","efetivado",8/24/1995,6/9/1996
"EDUARDO BARBOSA                ","EDUARDO BARBOSA                ","PSDB","MG","titular",2/1/1995,12/21/1995
"EDUARDO BARBOSA                ","EDUARDO BARBOSA                ","PSDB","MG","titular",4/2/1998,1/31/1999
"EDUARDO CAMPOS                 ","EDUARDO CAMPOS                 ","PSB","PE","titular",2/1/1995,2/2/1995
"EDUARDO CAMPOS                 ","EDUARDO CAMPOS                 ","PSB","PE","titular",4/2/1998,1/31/1999
"EDUARDO COELHO                 ","EDUARDO COELHO                 ","PSDB","SP","suplente",6/24/1997,3/18/1998
"EDUARDO JORGE                  ","EDUARDO JORGE                  ","PT","SP","titular",2/1/1995,1/31/1999
"EDUARDO MASCARENHAS            ","EDUARDO MASCARENHAS            ","PSDB","RJ","titular",2/1/1995,4/28/1997
"EFRAIM MORAIS                  ","EFRAIM MORAIS                  ","PFL","PB","titular",2/1/1995,1/31/1999
"ELCIONE BARBALHO               ","ELCIONE BARBALHO               ","PMDB","PA","titular",2/1/1995,1/31/1999
"ELIAS ABRAHÃO                  ","ELIAS ABRAHAO                  ","PMDB","PR","titular",2/1/1995,9/17/1996
"ELIAS MURAD                    ","ELIAS MURAD                    ","PSDB","MG","titular",2/1/1995,1/31/1999
"ELISEU MOURA                   ","ELISEU MOURA                   ","PL","MA","titular",2/1/1995,1/31/1999
"ELISEU PADILHA                 ","ELISEU PADILHA                 ","PMDB","RS","titular",2/1/1995,2/2/1995
"ELISEU PADILHA                 ","ELISEU PADILHA                 ","PMDB","RS","titular",12/7/1995,5/21/1997
"ELISEU RESENDE                 ","ELISEU RESENDE                 ","PFL","MG","titular",2/1/1995,1/31/1999
"ELÍSIO CURVO                   ","ELISIO CURVO                   ","PTB","MS","suplente",8/7/1996,12/5/1996
"ELTON ROHNELT                  ","ELTON ROHNELT                  ","PFL","RR","titular",2/1/1995,1/31/1999
"EMANUEL FERNANDES              ","EMANUEL FERNANDES              ","PSDB","SP","suplente",6/11/1996,12/31/1996
"EMERSON OLAVO PIRES            ","EMERSON OLAVO PIRES            ","PSDB","RO","titular",2/1/1995,1/31/1999
"EMÍLIO ASSMAR                  ","EMILIO ASSMAR                  ","PPB","AC","efetivado",5/23/1997,1/31/1999
"ENIO BACCI                     ","ENIO BACCI                     ","PDT","RS","titular",2/1/1995,1/31/1999
"ENIVALDO RIBEIRO               ","ENIVALDO RIBEIRO               ","PPB","PB","titular",2/1/1995,8/5/1996
"ENIVALDO RIBEIRO               ","ENIVALDO RIBEIRO               ","PPB","PB","titular",12/5/1996,1/31/1999
"ENYR LAPROVITA                 ","ENYR LAPROVITA                 ","PMDB","DF","suplente",1/5/1999,1/5/1999
"ERALDO TINOCO                  ","ERALDO TINOCO                  ","PFL","BA","titular",2/1/1995,2/2/1995
"ERALDO TINOCO                  ","ERALDO TINOCO                  ","PFL","BA","titular",4/3/1998,1/3/1999
"ERALDO TRINDADE                ","ERALDO TRINDADE                ","PPB","AP","titular",2/1/1995,1/31/1999
"ESTHER GROSSI                  ","ESTHER GROSSI                  ","PT","RS","titular",2/1/1995,1/31/1999
"ETEVALDA GRASSI DE MENEZES     ","ETEVALDA GRASSI DE MENEZES     ","PMDB","ES","efetivado",1/2/1997,1/31/1999
"EUDORO PEDROZA                 ","EUDORO PEDROZA                 ","PMDB","TO","suplente",5/15/1996,10/19/1996
"EUJÁCIO SIMÕES                 ","EUJACIO SIMOES                 ","PL","BA","titular",2/1/1995,1/31/1999
"EULER RIBEIRO                  ","EULER RIBEIRO                  ","PFL","AM","titular",2/1/1995,1/31/1999
"EURICO MIRANDA                 ","EURICO MIRANDA                 ","PPB","RJ","efetivado",2/1/1995,1/31/1999
"EURÍPEDES MIRANDA              ","EURIPEDES MIRANDA              ","PDT","RO","titular",2/1/1995,2/19/1998
"EURÍPEDES MIRANDA              ","EURIPEDES MIRANDA              ","PDT","RO","titular",3/4/1998,1/31/1999
"EXPEDITO JÚNIOR                ","EXPEDITO JUNIOR                ","PFL","RO","titular",2/1/1995,5/13/1998
"EXPEDITO JÚNIOR                ","EXPEDITO JUNIOR                ","PFL","RO","titular",9/14/1998,1/31/1999
"EZIDIO PINHEIRO                ","EZIDIO PINHEIRO                ","PSDB","RS","titular",2/1/1995,1/31/1999
"FÁBIO FELDMANN                 ","FABIO FELDMANN                 ","PSDB","SP","titular",2/1/1995,2/1/1995
"FÁBIO FELDMANN                 ","FABIO FELDMANN                 ","PSDB","SP","titular",4/2/1998,1/31/1999
"FÁTIMA PELAES                  ","FATIMA PELAES                  ","PSDB","AP","titular",2/1/1995,1/31/1999
"FAUSTO MARTELLO                ","FAUSTO MARTELLO                ","PPB","SP","titular",2/1/1995,1/31/1999
"FELIPE MENDES                  ","FELIPE MENDES                  ","PPB","PI","titular",2/1/1995,1/31/1999
"FELIX MENDONÇA                 ","FELIX MENDONCA                 ","PTB","BA","titular",2/1/1995,1/31/1999
"FERNANDO DINIZ                 ","FERNANDO DINIZ                 ","PMDB","MG","titular",2/1/1995,1/31/1999
"FERNANDO FERRO                 ","FERNANDO FERRO                 ","PT","PE","titular",2/1/1995,1/31/1999
"FERNANDO GABEIRA               ","FERNANDO GABEIRA               ","PV","RJ","titular",2/1/1995,1/31/1999
"FERNANDO GOMES                 ","FERNANDO GOMES                 ","PTB","BA","titular",2/1/1995,12/30/1996
"FERNANDO GONÇALVES             ","FERNANDO GONCALVES             ","PTB","RJ","titular",2/1/1995,1/31/1999
"FERNANDO LOPES                 ","FERNANDO LOPES                 ","PDT","RJ","titular",2/1/1995,1/11/1999
"FERNANDO LOPES                 ","FERNANDO LOPES                 ","PDT","RJ","titular",1/29/1999,1/31/1999
"FERNANDO LYRA                  ","FERNANDO LYRA                  ","PSB","PE","titular",2/1/1995,1/31/1999
"FERNANDO RIBAS CARLI           ","FERNANDO RIBAS CARLI           ","PPB","PR","titular",2/1/1995,2/2/1995
"FERNANDO RIBAS CARLI           ","FERNANDO RIBAS CARLI           ","PPB","PR","titular",4/3/1996,1/31/1999
"FERNANDO TORRES                ","FERNANDO TORRES                ","PSDB","AL","titular",2/1/1995,1/31/1999
"FERNANDO ZUPPO                 ","FERNANDO ZUPPO                 ","PDT","SP","titular",2/1/1995,1/31/1999
"FETTER JÚNIOR                  ","FETTER JUNIOR                  ","PPB","RS","titular",2/1/1995,2/1/1995
"FETTER JÚNIOR                  ","FETTER JUNIOR                  ","PPB","RS","titular",1/10/1996,1/31/1999
"FEU ROSA                       ","FEU ROSA                       ","PSDB","ES","titular",2/1/1995,1/31/1999
"FIRMO DE CASTRO                ","FIRMO DE CASTRO                ","PSDB","CE","titular",2/1/1995,1/31/1999
"FLÁVIO ARNS                    ","FLAVIO ARNS                    ","PSDB","PR","titular",2/1/1995,1/31/1999
"FLÁVIO DERZI                   ","FLAVIO DERZI                   ","PPB","MS","titular",2/1/1995,1/31/1999
"FLÁVIO PALMIER DA VEIGA        ","FLAVIO PALMIER DA VEIGA        ","PSDB","RJ","suplente",1/2/1997,2/16/1997
"FLÁVIO PALMIER DA VEIGA        ","FLAVIO PALMIER DA VEIGA        ","PSDB","RJ","suplente",2/25/1997,1/29/1998
"FRANCISCO COELHO               ","FRANCISCO COELHO               ","PFL","MA","titular",2/1/1995,2/21/1995
"FRANCISCO COELHO               ","FRANCISCO COELHO               ","PFL","MA","titular",4/3/1998,1/31/1999
"FRANCISCO DIÓGENES             ","FRANCISCO DIOGENES             ","PFL","AC","titular",2/1/1995,12/3/1995
"FRANCISCO DORNELLES            ","FRANCISCO DORNELLES            ","PPB","RJ","titular",2/1/1995,5/6/1996
"FRANCISCO DORNELLES            ","FRANCISCO DORNELLES            ","PPB","RJ","titular",2/20/1997,2/20/1997
"FRANCISCO DORNELLES            ","FRANCISCO DORNELLES            ","PPB","RJ","titular",3/31/1998,12/31/1998
"FRANCISCO HORTA                ","FRANCISCO HORTA                ","PFL","MG","suplente",2/3/1995,4/1/1998
"FRANCISCO HORTA                ","FRANCISCO HORTA                ","PFL","MG","suplente",5/12/1998,9/2/1998
"FRANCISCO RODRIGUES            ","FRANCISCO RODRIGUES            ","PTB","RR","titular",2/1/1995,1/31/1999
"FRANCISCO SILVA                ","FRANCISCO SILVA                ","PPB","RJ","titular",2/1/1995,1/12/1999
"FRANCO MONTORO                 ","FRANCO MONTORO                 ","PSDB","SP","titular",2/1/1995,1/31/1999
"FREIRE JÚNIOR                  ","FREIRE JUNIOR                  ","PMDB","TO","titular",2/1/1995,6/20/1996
"FREIRE JÚNIOR                  ","FREIRE JUNIOR                  ","PMDB","TO","titular",10/20/1996,1/31/1999
"GASTÃO VIEIRA                  ","GASTAO VIEIRA                  ","PMDB","MA","titular",2/1/1995,3/1/1995
"GASTÃO VIEIRA                  ","GASTAO VIEIRA                  ","PMDB","MA","titular",4/3/1998,1/31/1999
"GEDDEL VIEIRA LIMA             ","GEDDEL VIEIRA LIMA             ","PMDB","BA","titular",2/1/1995,1/31/1999
"GENÉSIO BERNARDINO             ","GENESIO BERNARDINO             ","PMDB","MG","titular",2/1/1995,1/31/1999
"GERALDO PASTANA                ","GERALDO PASTANA                ","PT","PA","efetivado",1/2/1997,1/31/1999
"GERMANO RIGOTTO                ","GERMANO RIGOTTO                ","PMDB","RS","titular",2/1/1995,1/31/1999
"GERSON PERES                   ","GERSON PERES                   ","PPB","PA","titular",2/1/1995,1/31/1999
"GERVÁSIO OLIVEIRA              ","GERVASIO OLIVEIRA              ","PDT","AP","titular",2/1/1995,1/31/1999
"GILNEY VIANA                   ","GILNEY VIANA                   ","PT","MT","titular",2/1/1995,1/31/1999
"GILVAN FREIRE                  ","GILVAN FREIRE                  ","PSB","PB","titular",2/6/1995,1/31/1999
"GIOVANNI QUEIROZ               ","GIOVANNI QUEIROZ               ","PDT","PA","titular",2/1/1995,1/31/1999
"GONZAGA MOTA                   ","GONZAGA MOTA                   ","PMDB","CE","titular",2/1/1995,1/31/1999
"GONZAGA PATRIOTA               ","GONZAGA PATRIOTA               ","PSB","PE","titular",2/1/1995,1/31/1999
"HAROLDO LIMA                   ","HAROLDO LIMA                   ","PC DO B","BA","titular",2/1/1995,1/31/1999
"HAROLDO SABÓIA                 ","HAROLDO SABOIA                 ","PT","MA","titular",3/28/1996,1/31/1999
"HÉLIO BICUDO                   ","HELIO BICUDO                   ","PT","SP","titular",2/1/1995,1/31/1999
"HÉLIO ROSAS                    ","HELIO ROSAS                    ","PMDB","SP","titular",2/1/1995,1/31/1999
"HENRIQUE EDUARDO ALVES         ","HENRIQUE EDUARDO ALVES         ","PMDB","RN","titular",2/1/1995,1/31/1999
"HERACLITO FORTES               ","HERACLITO FORTES               ","PFL","PI","titular",2/1/1995,1/31/1999
"HERCULANO ANGHINETTI           ","HERCULANO ANGHINETTI           ","PPB","MG","titular",2/1/1995,1/31/1999
"HERMES PARCIANELLO             ","HERMES PARCIANELLO             ","PMDB","PR","titular",2/1/1995,1/31/1999
"HILÁRIO COIMBRA                ","HILARIO COIMBRA                ","PSDB","PA","titular",2/1/1995,1/31/1999
"HOMERO OGUIDO                  ","HOMERO OGUIDO                  ","PMDB","PR","titular",2/1/1995,2/23/1997
"HUGO BIEHL                     ","HUGO BIEHL                     ","PPB","SC","titular",2/1/1995,1/31/1999
"HUGO LAGRANHA                  ","HUGO LAGRANHA                  ","PTB","RS","titular",2/1/1995,12/31/1996
"HUGO RODRIGUES DA CUNHA        ","HUGO RODRIGUES DA CUNHA        ","PFL","MG","titular",2/1/1995,1/31/1999
"HUMBERTO COSTA                 ","HUMBERTO COSTA                 ","PT","PE","titular",2/1/1995,1/31/1999
"HUMBERTO SOUTO                 ","HUMBERTO SOUTO                 ","PFL","MG","titular",2/1/1995,8/23/1995
"IBERÊ FERREIRA                 ","IBERE FERREIRA                 ","PPB","RN","titular",2/1/1995,10/23/1997
"IBERÊ FERREIRA                 ","IBERE FERREIRA                 ","PPB","RN","titular",4/1/1998,1/31/1999
"IBRAHIM ABI-ACKEL              ","IBRAHIM ABI-ACKEL              ","PPB","MG","titular",2/1/1995,1/31/1999
"ILDEMAR KUSSLER                ","ILDEMAR KUSSLER                ","PSDB","RO","titular",2/1/1995,12/31/1996
"INÁCIO ARRUDA                  ","INACIO ARRUDA                  ","PC DO B","CE","titular",2/1/1995,1/31/1999
"INOCÊNCIO OLIVEIRA             ","INOCENCIO OLIVEIRA             ","PFL","PE","titular",2/1/1995,1/31/1999
"ISRAEL PINHEIRO                ","ISRAEL PINHEIRO                ","PTB","MG","titular",2/1/1995,2/2/1995
"ISRAEL PINHEIRO                ","ISRAEL PINHEIRO                ","PTB","MG","titular",2/3/1997,1/31/1999
"ITAMAR SERPA                   ","ITAMAR SERPA                   ","PSDB","RJ","titular",2/1/1995,1/31/1999
"IVAN VALENTE                   ","IVAN VALENTE                   ","PT","SP","titular",2/1/1995,1/31/1999
"IVANDRO CUNHA LIMA             ","IVANDRO CUNHA LIMA             ","PMDB","PB","titular",2/1/1995,1/31/1999
"IVO MAINARDI                   ","IVO MAINARDI                   ","PMDB","RS","suplente",2/3/1995,3/20/1996
"IVO MAINARDI                   ","IVO MAINARDI                   ","PMDB","RS","suplente",4/10/1996,8/15/1996
"IVO MAINARDI                   ","IVO MAINARDI                   ","PMDB","RS","suplente",1/1/1997,6/28/1997
"IZIDÓRIO OLIVEIRA              ","IZIDORIO OLIVEIRA              ","PMDB","TO","suplente",6/24/1996,9/15/1996
"JACKSON PEREIRA                ","JACKSON PEREIRA                ","PSDB","CE","titular",2/1/1995,7/25/1995
"JAIME FERNANDES                ","JAIME FERNANDES                ","PFL","BA","efetivado",2/3/1995,4/2/1998
"JAIME FERNANDES                ","JAIME FERNANDES                ","PFL","BA","efetivado",4/28/1998,1/31/1999
"JAIME MARTINS                  ","JAIME MARTINS                  ","PFL","MG","titular",2/1/1995,1/31/1999
"JAIR BOLSONARO                 ","JAIR BOLSONARO                 ","PPB","RJ","titular",2/1/1995,1/31/1999
"JAIR MENEGUELLI                ","JAIR MENEGUELLI                ","PT","SP","titular",2/1/1995,1/31/1999
"JAIR SIQUEIRA                  ","JAIR SIQUEIRA                  ","PPB","MG","titular",2/1/1995,12/30/1996
"JAIR SOARES                    ","JAIR SOARES                    ","PPB","RS","titular",2/1/1995,1/31/1999
"JAIRO AZI                      ","JAIRO AZI                      ","PFL","BA","titular",2/1/1995,1/31/1999
"JAIRO CARNEIRO                 ","JAIRO CARNEIRO                 ","PFL","BA","titular",2/1/1995,1/31/1999
"JAMIL HADDAD                   ","JAMIL HADDAD                   ","PSB","RJ","suplente",1/13/1999,1/31/1999
"JANDIRA FEGHALI                ","JANDIRA FEGHALI                ","PC DO B","RJ","titular",2/1/1995,1/31/1999
"JAQUES WAGNER                  ","JAQUES WAGNER                  ","PT","BA","titular",2/1/1995,1/31/1999
"JARBAS LIMA                    ","JARBAS LIMA                    ","PPB","RS","titular",2/1/1995,1/31/1999
"JAYME SANTANA                  ","JAYME SANTANA                  ","PSDB","MA","titular",2/1/1995,1/31/1999
"JERÔNIMO REIS                  ","JERONIMO REIS                  ","PMN","SE","titular",2/1/1995,7/16/1995
"JOANA DARC                     ","JOANA DARC                     ","PT","MG","efetivado",1/2/1997,1/31/1999
"JOÃO ALBERTO                   ","JOAO ALBERTO                   ","PMDB","MA","titular",2/1/1995,3/1/1995
"JOÃO ALBERTO                   ","JOAO ALBERTO                   ","PMDB","MA","titular",4/3/1998,1/31/1999
"JOÃO ALMEIDA                   ","JOAO ALMEIDA                   ","PSDB","BA","titular",2/1/1995,1/31/1999
"JOÃO BROCHADO                  ","JOAO BROCHADO                  ","S. PART.","DF","efetivado",1/5/1999,1/31/1999
"JOÃO CARLOS BACELAR            ","JOAO CARLOS BACELAR            ","PFL","BA","suplente",1/2/1997,4/2/1998
"JOÃO CARLOS BACELAR            ","JOAO CARLOS BACELAR            ","PFL","BA","suplente",1/6/1999,1/31/1999
"JOÃO COLAÇO                    ","JOAO COLACO                    ","PSB","PE","titular",2/1/1995,1/31/1999
"JOÃO COSER                     ","JOAO COSER                     ","PT","ES","titular",2/1/1995,1/31/1999
"JOÃO FASSARELLA                ","JOAO FASSARELLA                ","PT","MG","titular",2/1/1995,1/31/1999
"JOÃO FAUSTINO                  ","JOAO FAUSTINO                  ","PSDB","RN","suplente",10/24/1996,2/17/1997
"JOÃO FAUSTINO                  ","JOAO FAUSTINO                  ","PSDB","RN","suplente",2/20/1997,3/31/1998
"JOÃO FAUSTINO                  ","JOAO FAUSTINO                  ","PSDB","RN","suplente",5/8/1998,9/14/1998
"JOÃO HENRIQUE                  ","JOAO HENRIQUE                  ","PMDB","PI","titular",2/1/1995,1/31/1999
"JOÃO IENSEN                    ","JOAO IENSEN                    ","PPB","PR","titular",2/1/1995,1/31/1999
"JOÃO LEÃO                      ","JOAO LEAO                      ","PSDB","BA","titular",2/1/1995,1/31/1999
"JOÃO MAGALHÃES                 ","JOAO MAGALHAES                 ","PMDB","MG","efetivado",6/11/1996,1/31/1999
"JOÃO MAIA                      ","JOAO MAIA                      ","PFL","AC","titular",2/1/1995,5/20/1997
"JOÃO MATOS                     ","JOAO MATOS                     ","PMDB","SC","titular",2/1/1995,2/5/1995
"JOÃO MATOS                     ","JOAO MATOS                     ","PMDB","SC","titular",4/3/1998,1/31/1999
"JOÃO MELLÃO NETO               ","JOAO MELLAO NETO               ","PFL","SP","titular",2/1/1995,1/31/1999
"JOÃO MENDES                    ","JOAO MENDES                    ","PPB","RJ","titular",2/1/1995,1/31/1999
"JOÃO NATAL                     ","JOAO NATAL                     ","PMDB","GO","titular",2/1/1995,10/28/1997
"JOÃO PAULO                     ","JOAO PAULO                     ","PT","SP","titular",2/1/1995,1/31/1999
"JOÃO PIZZOLATTI                ","JOAO PIZZOLATTI                ","PPB","SC","titular",2/1/1995,1/31/1999
"JOÃO RIBEIRO                   ","JOAO RIBEIRO                   ","PFL","TO","titular",2/1/1995,10/8/1997
"JOÃO RIBEIRO                   ","JOAO RIBEIRO                   ","PFL","TO","titular",11/25/1997,1/31/1999
"JOÃO THOMÉ MESTRINHO           ","JOAO THOME MESTRINHO           ","PMDB","AM","titular",2/1/1995,1/31/1999
"JOÃO TOTA                      ","JOAO TOTA                      ","PPB","AC","efetivado",5/23/1997,1/31/1999
"JOFRAN FREJAT                  ","JOFRAN FREJAT                  ","PPB","DF","titular",2/1/1995,1/31/1999
"JONIVAL LUCAS                  ","JONIVAL LUCAS                  ","PFL","BA","titular",2/1/1995,1/31/1999
"JORGE ANDERS                   ","JORGE ANDERS                   ","PSDB","ES","titular",2/1/1995,12/30/1996
"JORGE KHOURY                   ","JORGE KHOURY                   ","PFL","BA","titular",2/1/1995,2/2/1995
"JORGE KHOURY                   ","JORGE KHOURY                   ","PFL","BA","titular",4/3/1998,1/31/1999
"JORGE TADEU MUDALEN            ","JORGE TADEU MUDALEN            ","PPB","SP","titular",2/1/1995,1/31/1999
"JORGE WILSON                   ","JORGE WILSON                   ","PMDB","RJ","titular",2/1/1995,1/31/1999
"JOSÉ ALDEMIR                   ","JOSE ALDEMIR                   ","PMDB","PB","titular",2/1/1995,1/31/1999
"JOSÉ ANÍBAL                    ","JOSE ANIBAL                    ","PSDB","SP","titular",2/1/1995,1/31/1999
"JOSÉ AUGUSTO                   ","JOSE AUGUSTO                   ","PPS","SP","titular",2/1/1995,1/31/1999
"JOSÉ BORBA                     ","JOSE BORBA                     ","PTB","PR","titular",2/1/1995,1/31/1999
"JOSÉ CARLOS ALELUIA            ","JOSE CARLOS ALELUIA            ","PFL","BA","titular",2/1/1995,1/31/1999
"JOSÉ CARLOS COUTINHO           ","JOSE CARLOS COUTINHO           ","PFL","RJ","efetivado",2/1/1995,2/16/1997
"JOSÉ CARLOS COUTINHO           ","JOSE CARLOS COUTINHO           ","PFL","RJ","efetivado",2/18/1997,1/31/1999
"JOSÉ CARLOS LACERDA            ","JOSE CARLOS LACERDA            ","PSDB","RJ","titular",2/1/1995,5/30/1996
"JOSÉ CARLOS LACERDA            ","JOSE CARLOS LACERDA            ","PSDB","RJ","titular",2/13/1997,12/28/1997
"JOSÉ CARLOS SABÓIA             ","JOSE CARLOS SABOIA             ","PSB","MA","suplente",2/1/1995,3/27/1996
"JOSÉ CARLOS VIEIRA             ","JOSE CARLOS VIEIRA             ","PFL","SC","titular",2/1/1995,1/31/1999
"JOSÉ CHAVES                    ","JOSE CHAVES                    ","PMDB","PE","titular",2/1/1995,1/31/1999
"JOSÉ COIMBRA                   ","JOSE COIMBRA                   ","PTB","SP","titular",2/1/1995,1/31/1999
"JOSE COSTA                     ","JOSE COSTA                     ","PSD","AL","efetivado",1/7/1998,5/6/1998
"JOSE COSTA                     ","JOSE COSTA                     ","PSD","AL","efetivado",9/30/1998,1/31/1999
"JOSÉ DA PAIXÃO                 ","JOSE DA PAIXAO                 ","PPB","RJ","suplente",1/6/1997,2/12/1997
"JOSÉ DE ABREU                  ","JOSE DE ABREU                  ","PSDB","SP","titular",2/1/1995,1/31/1999
"JOSÉ EGYDIO                    ","JOSE EGYDIO                    ","PFL","RJ","titular",2/1/1995,1/31/1999
"JOSÉ FORTUNATI                 ","JOSE FORTUNATI                 ","PT","RS","titular",2/1/1995,12/31/1996
"JOSÉ FRITSCH                   ","JOSE FRITSCH                   ","PT","SC","titular",2/1/1995,12/31/1996
"JOSÉ GENOÍNO                   ","JOSE GENOINO                   ","PT","SP","titular",2/1/1995,1/31/1999
"JOSÉ JANENE                    ","JOSE JANENE                    ","PPB","PR","titular",2/1/1995,1/31/1999
"JOSÉ JORGE                     ","JOSE JORGE                     ","PFL","PE","titular",2/1/1995,1/31/1999
"JOSÉ LINHARES                  ","JOSE LINHARES                  ","PPB","CE","titular",2/1/1995,1/31/1999
"JOSÉ LOURENÇO                  ","JOSE LOURENCO                  ","PFL","BA","efetivado",7/25/1996,1/31/1999
"JOSÉ LUIZ CLEROT               ","JOSE LUIZ CLEROT               ","PMDB","PB","titular",2/1/1995,1/31/1999
"JOSÉ MACHADO                   ","JOSE MACHADO                   ","PT","SP","titular",2/1/1995,1/31/1999
"JOSÉ MAURÍCIO                  ","JOSE MAURICIO                  ","PDT","RJ","titular",2/1/1995,1/31/1999
"JOSÉ MELO                      ","JOSE MELO                      ","PFL","AM","titular",2/1/1995,2/2/1995
"JOSÉ MELO                      ","JOSE MELO                      ","PFL","AM","titular",1/9/1998,1/31/1999
"JOSÉ MENDONÇA BEZERRA          ","JOSE MENDONCA BEZERRA          ","PFL","PE","titular",2/1/1995,1/31/1999
"JOSÉ MÚCIO MONTEIRO            ","JOSE MUCIO MONTEIRO            ","PFL","PE","titular",2/1/1995,2/4/1997
"JOSÉ MÚCIO MONTEIRO            ","JOSE MUCIO MONTEIRO            ","PFL","PE","titular",3/20/1998,1/31/1999
"JOSÉ PIMENTEL                  ","JOSE PIMENTEL                  ","PT","CE","titular",2/1/1995,1/31/1999
"JOSÉ PINOTTI                   ","JOSE PINOTTI                   ","PSB","SP","titular",2/1/1995,1/31/1999
"JOSÉ PRIANTE                   ","JOSE PRIANTE                   ","PMDB","PA","titular",2/1/1995,1/31/1999
"JOSÉ REZENDE                   ","JOSE REZENDE                   ","PPB","MG","titular",2/1/1995,1/31/1999
"JOSÉ ROCHA                     ","JOSE ROCHA                     ","PFL","BA","titular",2/1/1995,1/31/1999
"JOSÉ SANTANA DE VASCONCELLOS   ","JOSE SANTANA DE VASCONCELLOS   ","PFL","MG","titular",2/1/1995,1/31/1999
"JOSÉ TELES                     ","JOSE TELES                     ","PPB","SE","titular",2/1/1995,1/31/1999
"JOSÉ THOMAZ NONÔ               ","JOSE THOMAZ NONO               ","PSDB","AL","titular",2/1/1995,1/31/1999
"JOSÉ TUDE                      ","JOSE TUDE                      ","PTB","BA","suplente",2/3/1995,12/30/1996
"JOSIAS GONZAGA                 ","JOSIAS GONZAGA                 ","PMDB","GO","titular",2/1/1995,4/16/1995
"JOSIAS GONZAGA                 ","JOSIAS GONZAGA                 ","PMDB","GO","titular",6/10/1996,6/9/1996
"JOSIAS GONZAGA                 ","JOSIAS GONZAGA                 ","PMDB","GO","titular",11/20/1996,11/20/1996
"JOSIAS GONZAGA                 ","JOSIAS GONZAGA                 ","PMDB","GO","titular",1/1/1999,1/31/1999
"JOVAIR ARANTES                 ","JOVAIR ARANTES                 ","PSDB","GO","titular",2/1/1995,1/31/1999
"JÚLIO CESAR                    ","JULIO CESAR                    ","PFL","PI","titular",2/1/1995,1/31/1999
"JÚLIO REDECKER                 ","JULIO REDECKER                 ","PPB","RS","efetivado",2/2/1995,1/9/1996
"JÚLIO REDECKER                 ","JULIO REDECKER                 ","PPB","RS","efetivado",3/12/1996,1/12/1997
"JÚLIO REDECKER                 ","JULIO REDECKER                 ","PPB","RS","efetivado",2/7/1997,2/20/1997
"JÚLIO REDECKER                 ","JULIO REDECKER                 ","PPB","RS","efetivado",3/3/1997,3/29/1998
"JÚLIO REDECKER                 ","JULIO REDECKER                 ","PPB","RS","efetivado",11/4/1998,11/18/1998
"JÚLIO REDECKER                 ","JULIO REDECKER                 ","PPB","RS","efetivado",11/23/1998,12/31/1998
"JÚLIO REDECKER                 ","JULIO REDECKER                 ","PPB","RS","efetivado",1/21/1999,1/31/1999
"JURANDYR PAIXÃO                ","JURANDYR PAIXAO                ","PPB","SP","titular",2/1/1995,1/31/1999
"KOYU IHA                       ","KOYU IHA                       ","PSDB","SP","titular",2/1/1995,1/31/1999
"LAEL VARELLA                   ","LAEL VARELLA                   ","PFL","MG","titular",2/1/1995,1/31/1999
"LAIRE ROSADO                   ","LAIRE ROSADO                   ","PMDB","RN","titular",2/1/1995,10/23/1996
"LAIRE ROSADO                   ","LAIRE ROSADO                   ","PMDB","RN","titular",2/18/1997,2/19/1997
"LAIRE ROSADO                   ","LAIRE ROSADO                   ","PMDB","RN","titular",4/1/1998,1/31/1999
"LAMARTINE POSELLA              ","LAMARTINE POSELLA              ","PPB","SP","efetivado",1/2/1997,1/31/1999
"LAPROVITA VIEIRA               ","LAPROVITA VIEIRA               ","PPB","RJ","titular",2/1/1995,1/31/1999
"LAURA CARNEIRO                 ","LAURA CARNEIRO                 ","PFL","RJ","titular",2/1/1995,1/26/1997
"LAURA CARNEIRO                 ","LAURA CARNEIRO                 ","PFL","RJ","titular",2/7/1997,1/31/1999
"LEONEL PAVAN                   ","LEONEL PAVAN                   ","PDT","SC","titular",2/1/1995,12/31/1996
"LEÔNIDAS CRISTINO              ","LEONIDAS CRISTINO              ","PPS","CE","titular",2/1/1995,1/31/1999
"LEOPOLDO BESSONE               ","LEOPOLDO BESSONE               ","PTB","MG","titular",2/1/1995,1/31/1999
"LEUR LOMANTO                   ","LEUR LOMANTO                   ","PFL","BA","titular",2/1/1995,1/31/1999
"LIDIA QUINAN                   ","LIDIA QUINAN                   ","PMDB","GO","titular",2/1/1995,1/31/1999
"LIMA NETTO                     ","LIMA NETTO                     ","PFL","RJ","titular",2/1/1995,1/31/1999
"LINDBERG FARIAS                ","LINDBERG FARIAS                ","PSTU","RJ","titular",2/1/1995,1/31/1999
"LUCIANO CASTRO                 ","LUCIANO CASTRO                 ","PSDB","RR","titular",2/1/1995,1/31/1999
"LUCIANO PIZZATTO               ","LUCIANO PIZZATTO               ","PFL","PR","titular",2/1/1995,1/31/1999
"LUCIANO ZICA                   ","LUCIANO ZICA                   ","PT","SP","titular",2/1/1995,1/31/1999
"LUIS BARBOSA                   ","LUIS BARBOSA                   ","PPB","RR","titular",2/1/1995,1/31/1999
"LUIS EDUARDO                   ","LUIS EDUARDO                   ","PFL","BA","titular",2/1/1995,4/20/1998
"LUÍS ROBERTO PONTE             ","LUIS ROBERTO PONTE             ","PMDB","RS","suplente",2/3/1995,12/6/1995
"LUÍS ROBERTO PONTE             ","LUIS ROBERTO PONTE             ","PMDB","RS","suplente",5/22/1997,4/1/1998
"LUÍS ROBERTO PONTE             ","LUIS ROBERTO PONTE             ","PMDB","RS","suplente",11/4/1998,12/31/1998
"LUIZ ALBERTO                   ","LUIZ ALBERTO                   ","PT","BA","efetivado",1/2/1997,1/31/1999
"LUIZ BRAGA                     ","LUIZ BRAGA                     ","PFL","BA","titular",2/1/1995,1/31/1999
"LUIZ BUAIZ                     ","LUIZ BUAIZ                     ","PL","ES","titular",2/1/1995,1/31/1999
"LUIZ CARLOS HAULY              ","LUIZ CARLOS HAULY              ","PSDB","PR","titular",2/1/1995,1/31/1999
"LUIZ CARLOS SANTOS             ","LUIZ CARLOS SANTOS             ","PFL","SP","titular",2/1/1995,4/28/1996
"LUIZ CARLOS SANTOS             ","LUIZ CARLOS SANTOS             ","PFL","SP","titular",1/28/1997,1/29/1997
"LUIZ CARLOS SANTOS             ","LUIZ CARLOS SANTOS             ","PFL","SP","titular",2/25/1997,2/25/1997
"LUIZ CARLOS SANTOS             ","LUIZ CARLOS SANTOS             ","PFL","SP","titular",4/2/1998,1/31/1999
"LUIZ DANTAS                    ","LUIZ DANTAS                    ","PSD","AL","titular",2/1/1995,2/2/1995
"LUIZ DANTAS                    ","LUIZ DANTAS                    ","PSD","AL","titular",7/24/1997,1/5/1998
"LUIZ DANTAS                    ","LUIZ DANTAS                    ","PSD","AL","titular",5/7/1998,9/21/1998
"LUIZ DURÃO                     ","LUIZ DURAO                     ","PFL","ES","titular",2/1/1995,1/31/1999
"LUIZ EDUARDO GREENHALGH        ","LUIZ EDUARDO GREENHALGH        ","PT","SP","efetivado",1/2/1997,1/31/1999
"LUIZ FERNANDO                  ","LUIZ FERNANDO                  ","PPB","AM","titular",2/1/1995,1/31/1999
"LUIZ GUSHIKEN                  ","LUIZ GUSHIKEN                  ","PT","SP","titular",2/1/1995,1/31/1999
"LUIZ HENRIQUE                  ","LUIZ HENRIQUE                  ","PMDB","SC","titular",2/1/1995,12/30/1996
"LUIZ MAINARDI                  ","LUIZ MAINARDI                  ","PT","RS","titular",2/1/1995,1/31/1999
"LUIZ MÁXIMO                    ","LUIZ MAXIMO                    ","PSDB","SP","suplente",1/2/1997,4/1/1998
"LUIZ MOREIRA                   ","LUIZ MOREIRA                   ","PFL","BA","titular",2/1/1995,1/31/1999
"LUIZ PIAUHYLINO                ","LUIZ PIAUHYLINO                ","PSDB","PE","titular",2/1/1995,1/31/1999
"LUIZ SALOMAO                   ","LUIZ SALOMAO                   ","PDT","RJ","suplente",1/13/1999,1/28/1999
"MAGNO BACELAR                  ","MAGNO BACELAR                  ","PFL","MA","titular",2/1/1995,1/31/1999
"MALULY NETTO                   ","MALULY NETTO                   ","PFL","SP","titular",2/1/1995,1/31/1999
"MANOEL CASTRO                  ","MANOEL CASTRO                  ","PFL","BA","titular",2/1/1995,1/31/1999
"MARÇAL FILHO                   ","MARCAL FILHO                   ","PSDB","MS","efetivado",7/23/1996,11/21/1996
"MARÇAL FILHO                   ","MARCAL FILHO                   ","PSDB","MS","efetivado",1/1/1997,1/31/1999
"MARCELO BARBIERI               ","MARCELO BARBIERI               ","PMDB","SP","titular",2/1/1995,1/31/1999
"MARCELO DÉDA                   ","MARCELO DEDA                   ","PT","SE","titular",2/1/1995,1/31/1999
"MARCELO TEIXEIRA               ","MARCELO TEIXEIRA               ","PMDB","CE","titular",2/1/1995,6/28/1995
"MARCELO TEIXEIRA               ","MARCELO TEIXEIRA               ","PMDB","CE","titular",11/1/1995,5/12/1997
"MARCELO TEIXEIRA               ","MARCELO TEIXEIRA               ","PMDB","CE","titular",4/2/1998,1/31/1999
"MARCIA CIBILIS VIANA           ","MARCIA CIBILIS VIANA           ","PDT","RJ","titular",2/1/1995,1/31/1999
"MÁRCIA MARINHO                 ","MARCIA MARINHO                 ","PSDB","MA","titular",2/1/1995,1/31/1999
"MARCIO FORTES                  ","MARCIO FORTES                  ","PSDB","RJ","titular",2/1/1995,6/13/1996
"MARCIO FORTES                  ","MARCIO FORTES                  ","PSDB","RJ","titular",2/19/1997,2/19/1997
"MARCIO FORTES                  ","MARCIO FORTES                  ","PSDB","RJ","titular",1/30/1998,1/31/1999
"MARCIO MATOS                   ","MARCIO MATOS                   ","PT","PR","suplente",1/5/1999,1/31/1999
"MÁRCIO REINALDO MOREIRA        ","MARCIO REINALDO MOREIRA        ","PPB","MG","titular",2/1/1995,1/31/1999
"MARCONI PERILLO                ","MARCONI PERILLO                ","PSDB","GO","titular",2/1/1995,12/31/1998
"MARCOS LIMA                    ","MARCOS LIMA                    ","PMDB","MG","titular",2/1/1995,1/31/1999
"MARCOS MEDRADO                 ","MARCOS MEDRADO                 ","PPB","BA","titular",2/1/1995,7/24/1996
"MARCOS VINÍCIUS DE CAMPOS      ","MARCOS VINICIUS DE CAMPOS      ","PFL","SP","suplente",8/14/1997,3/18/1998
"MARCUS VICENTE                 ","MARCUS VICENTE                 ","PSDB","ES","efetivado",1/14/1997,1/31/1999
"MARIA DA CONCEIÇÃO TAVARES     ","MARIA DA CONCEICAO TAVARES     ","PT","RJ","titular",2/1/1995,1/31/1999
"MARIA ELVIRA                   ","MARIA ELVIRA                   ","PMDB","MG","titular",2/1/1995,1/31/1999
"MARIA LAURA                    ","MARIA LAURA                    ","PT","DF","titular",2/1/1995,1/31/1999
"MARIA VALADÃO                  ","MARIA VALADAO                  ","PTB","GO","titular",2/1/1995,1/31/1999
"MARILU GUIMARÃES               ","MARILU GUIMARAES               ","PFL","MS","titular",2/1/1995,1/31/1999
"MARINHA RAUPP                  ","MARINHA RAUPP                  ","PSDB","RO","titular",2/1/1995,1/8/1996
"MARINHA RAUPP                  ","MARINHA RAUPP                  ","PSDB","RO","titular",10/22/1996,3/1/1998
"MARINHA RAUPP                  ","MARINHA RAUPP                  ","PSDB","RO","titular",4/2/1998,1/31/1999
"MARIO ASSAD JUNIOR             ","MARIO ASSAD JUNIOR             ","PFL","MG","efetivado",4/17/1998,1/31/1999
"MÁRIO CAVALLAZZI               ","MARIO CAVALLAZZI               ","PPB","SC","titular",2/1/1995,1/31/1999
"MÁRIO DE OLIVEIRA              ","MARIO DE OLIVEIRA              ","PPB","MG","titular",2/1/1995,1/31/1999
"MÁRIO MARTINS                  ","MARIO MARTINS                  ","PMDB","PA","efetivado",4/25/1996,1/31/1999
"MÁRIO NEGROMONTE               ","MARIO NEGROMONTE               ","PSDB","BA","titular",2/1/1995,1/31/1999
"MARISA SERRANO                 ","MARISA SERRANO                 ","PSDB","MS","titular",2/1/1995,1/31/1999
"MARQUINHO CHEDID               ","MARQUINHO CHEDID               ","PSD","SP","titular",2/1/1995,1/31/1999
"MARTA SUPLICY                  ","MARTA SUPLICY                  ","PT","SP","titular",2/1/1995,1/31/1999
"MATHEUS SCHMIDT                ","MATHEUS SCHMIDT                ","PDT","RS","titular",2/1/1995,1/31/1999
"MAURI SÉRGIO                   ","MAURI SERGIO                   ","PMDB","AC","titular",2/1/1995,12/18/1996
"MAURÍCIO CAMPOS                ","MAURICIO CAMPOS                ","PSDB","MG","titular",2/1/1995,8/11/1996
"MAURÍCIO CAMPOS                ","MAURICIO CAMPOS                ","PSDB","MG","titular",1/1/1998,5/10/1998
"MAURÍCIO CAMPOS                ","MAURICIO CAMPOS                ","PSDB","MG","titular",9/3/1998,1/31/1999
"MAURÍCIO NAJAR                 ","MAURICIO NAJAR                 ","PFL","SP","titular",2/1/1995,6/12/1997
"MAURÍCIO NAJAR                 ","MAURICIO NAJAR                 ","PFL","SP","titular",3/19/1998,1/31/1999
"MAURÍCIO REQUIÃO               ","MAURICIO REQUIAO               ","PMDB","PR","titular",2/1/1995,1/31/1999
"MAURO FECURY                   ","MAURO FECURY                   ","PFL","MA","titular",2/1/1995,1/31/1999
"MAURO LOPES                    ","MAURO LOPES                    ","PMDB","MG","titular",2/1/1995,1/31/1999
"MAX ROSENMANN                  ","MAX ROSENMANN                  ","PSDB","PR","titular",2/1/1995,1/31/1999
"MELQUÍADES NETO                ","MELQUIADES NETO                ","PFL","TO","suplente",3/6/1995,7/31/1995
"MELQUÍADES NETO                ","MELQUIADES NETO                ","PFL","TO","suplente",4/2/1996,8/6/1996
"MELQUÍADES NETO                ","MELQUIADES NETO                ","PFL","TO","suplente",9/18/1996,10/20/1996
"MELQUÍADES NETO                ","MELQUIADES NETO                ","PFL","TO","suplente",10/15/1997,11/24/1997
"MELQUÍADES NETO                ","MELQUIADES NETO                ","PFL","TO","suplente",8/3/1998,12/1/1998
"MENDES RIBEIRO FILHO           ","MENDES RIBEIRO FILHO           ","PMDB","RS","titular",2/1/1995,2/1/1995
"MENDES RIBEIRO FILHO           ","MENDES RIBEIRO FILHO           ","PMDB","RS","titular",3/21/1996,4/9/1996
"MENDES RIBEIRO FILHO           ","MENDES RIBEIRO FILHO           ","PMDB","RS","titular",3/30/1998,11/3/1998
"MENDES RIBEIRO FILHO           ","MENDES RIBEIRO FILHO           ","PMDB","RS","titular",1/1/1999,1/31/1999
"MENDONÇA FILHO                 ","MENDONCA FILHO                 ","PFL","PE","titular",2/1/1995,12/31/1998
"MESSIAS GOIS                   ","MESSIAS GOIS                   ","PFL","SE","suplente",11/19/1997,4/1/1998
"MESSIAS GOIS                   ","MESSIAS GOIS                   ","PFL","SE","suplente",4/3/1998,8/5/1998
"MICHEL TEMER                   ","MICHEL TEMER                   ","PMDB","SP","titular",2/1/1995,1/31/1999
"MIGUEL ROSSETTO                ","MIGUEL ROSSETTO                ","PT","RS","titular",2/1/1995,12/31/1998
"MILTON BARBOSA                 ","MILTON BARBOSA                 ","PFL","BA","suplente",1/6/1999,1/31/1999
"MILTON MENDES                  ","MILTON MENDES                  ","PT","SC","titular",2/1/1995,1/31/1999
"MILTON TEMER                   ","MILTON TEMER                   ","PT","RJ","titular",2/1/1995,1/31/1999
"MIRO TEIXEIRA                  ","MIRO TEIXEIRA                  ","PDT","RJ","titular",2/1/1995,1/31/1999
"MOACIR MICHELETTO              ","MOACIR MICHELETTO              ","PMDB","PR","efetivado",3/3/1997,1/31/1999
"MOACYR ANDRADE                 ","MOACYR ANDRADE                 ","PPB","AL","titular",2/1/1995,1/31/1999
"MOISÉS BENNESBY                ","MOISES BENNESBY                ","PSDB","RO","efetivado",12/13/1996,1/31/1999
"MOISES LIPNIK                  ","MOISES LIPNIK                  ","PL","RR","titular",2/1/1995,1/31/1999
"MOREIRA FRANCO                 ","MOREIRA FRANCO                 ","PMDB","RJ","titular",2/1/1995,1/31/1999
"MURILO DOMINGOS                ","MURILO DOMINGOS                ","PTB","MT","efetivado",3/28/1996,7/30/1996
"MURILO DOMINGOS                ","MURILO DOMINGOS                ","PTB","MT","efetivado",10/30/1996,1/31/1999
"MURILO PINHEIRO                ","MURILO PINHEIRO                ","PFL","AP","titular",2/1/1995,1/31/1999
"MUSSA DEMES                    ","MUSSA DEMES                    ","PFL","PI","titular",2/1/1995,1/31/1999
"NAIR XAVIER LOBO               ","NAIR XAVIER LOBO               ","PMDB","GO","suplente",4/27/1995,6/9/1996
"NAIR XAVIER LOBO               ","NAIR XAVIER LOBO               ","PMDB","GO","suplente",6/10/1996,11/19/1996
"NAIR XAVIER LOBO               ","NAIR XAVIER LOBO               ","PMDB","GO","suplente",11/21/1996,10/14/1998
"NAIR XAVIER LOBO               ","NAIR XAVIER LOBO               ","PMDB","GO","suplente",10/26/1998,12/31/1998
"NAN SOUZA                      ","NAN SOUZA                      ","PFL","MA","suplente",2/23/1995,4/2/1998
"NAN SOUZA                      ","NAN SOUZA                      ","PFL","MA","suplente",9/29/1998,10/6/1998
"NAN SOUZA                      ","NAN SOUZA                      ","PFL","MA","suplente",1/1/1999,1/31/1999
"NARCIO RODRIGUES               ","NARCIO RODRIGUES               ","PSDB","MG","suplente",12/22/1995,6/3/1996
"NARCIO RODRIGUES               ","NARCIO RODRIGUES               ","PSDB","MG","suplente",8/12/1996,2/2/1997
"NARCIO RODRIGUES               ","NARCIO RODRIGUES               ","PSDB","MG","suplente",2/7/1997,4/1/1998
"NEDSON MICHELETI               ","NEDSON MICHELETI               ","PT","PR","titular",2/1/1995,1/31/1999
"NEIF JABUR                     ","NEIF JABUR                     ","PMDB","MG","efetivado",1/2/1997,1/31/1999
"NEIVA MOREIRA                  ","NEIVA MOREIRA                  ","PDT","MA","efetivado",1/3/1997,1/31/1999
"NELSON BORNIER                 ","NELSON BORNIER                 ","PSDB","RJ","titular",2/1/1995,3/1/1995
"NELSON BORNIER                 ","NELSON BORNIER                 ","PSDB","RJ","titular",6/11/1996,12/30/1996
"NELSON HARTER                  ","NELSON HARTER                  ","PMDB","RS","suplente",7/1/1997,3/29/1998
"NELSON HARTER                  ","NELSON HARTER                  ","PMDB","RS","suplente",11/4/1998,12/31/1998
"NELSON MARCHEZAN               ","NELSON MARCHEZAN               ","PSDB","RS","titular",2/1/1995,1/31/1999
"NELSON MARQUEZELLI             ","NELSON MARQUEZELLI             ","PTB","SP","titular",2/1/1995,1/31/1999
"NELSON MEURER                  ","NELSON MEURER                  ","PPB","PR","titular",2/1/1995,1/31/1999
"NELSON OTOCH                   ","NELSON OTOCH                   ","PSDB","CE","titular",2/1/1995,1/31/1999
"NELSON PROENÇA                 ","NELSON PROENCA                 ","PMDB","RS","titular",2/1/1995,2/1/1995
"NELSON PROENÇA                 ","NELSON PROENCA                 ","PMDB","RS","titular",3/21/1996,4/9/1996
"NELSON PROENÇA                 ","NELSON PROENCA                 ","PMDB","RS","titular",4/2/1998,11/3/1998
"NELSON PROENÇA                 ","NELSON PROENCA                 ","PMDB","RS","titular",1/1/1999,1/31/1999
"NELSON TRAD                    ","NELSON TRAD                    ","PTB","MS","titular",2/1/1995,8/5/1996
"NELSON TRAD                    ","NELSON TRAD                    ","PTB","MS","titular",12/6/1996,1/31/1999
"NESTOR DUARTE                  ","NESTOR DUARTE                  ","PSDB","BA","titular",2/1/1995,1/31/1999
"NEUTO DE CONTO                 ","NEUTO DE CONTO                 ","PMDB","SC","titular",2/1/1995,2/12/1995
"NEUTO DE CONTO                 ","NEUTO DE CONTO                 ","PMDB","SC","titular",12/17/1996,1/31/1999
"NEWTON CARDOSO                 ","NEWTON CARDOSO                 ","PMDB","MG","titular",2/1/1995,12/30/1996
"NEY LOPES                      ","NEY LOPES                      ","PFL","RN","titular",2/1/1995,1/31/1999
"NICIAS RIBEIRO                 ","NICIAS RIBEIRO                 ","PSDB","PA","titular",2/1/1995,1/31/1999
"NILMÁRIO MIRANDA               ","NILMARIO MIRANDA               ","PT","MG","titular",2/1/1995,1/31/1999
"NILSON GIBSON                  ","NILSON GIBSON                  ","PSB","PE","titular",2/1/1995,1/31/1999
"NILTON BAIANO                  ","NILTON BAIANO                  ","PPB","ES","titular",2/1/1995,1/31/1999
"NILTON CERQUEIRA               ","NILTON CERQUEIRA               ","PSDB","RJ","efetivado",2/1/1995,5/16/1995
"NILTON CERQUEIRA               ","NILTON CERQUEIRA               ","PSDB","RJ","efetivado",2/19/1997,2/19/1997
"NILTON CERQUEIRA               ","NILTON CERQUEIRA               ","PSDB","RJ","efetivado",4/3/1998,1/31/1999
"NOEL DE OLIVEIRA               ","NOEL DE OLIVEIRA               ","PMDB","RJ","titular",2/1/1995,1/31/1999
"OCTÁVIO ELÍSIO                 ","OCTAVIO ELISIO                 ","PSDB","MG","suplente",2/25/1997,12/31/1997
"ODACIR KLEIN                   ","ODACIR KLEIN                   ","PMDB","RS","titular",2/1/1995,2/2/1995
"ODACIR KLEIN                   ","ODACIR KLEIN                   ","PMDB","RS","titular",8/16/1996,1/31/1999
"ODAISA FERNANDES               ","ODAISA FERNANDES               ","PSDB","RO","suplente",3/3/1998,4/1/1998
"ODELMO LEÃO                    ","ODELMO LEAO                    ","PPB","MG","titular",2/1/1995,1/31/1999
"ODÍLIO BALBINOTTI              ","ODILIO BALBINOTTI              ","PSDB","PR","titular",2/1/1995,1/31/1999
"ODIR ROCHA                     ","ODIR ROCHA                     ","PPB","TO","suplente",2/3/1995,3/2/1995
"OLÁVIO ROCHA                   ","OLAVIO ROCHA                   ","PSDB","PA","titular",2/1/1995,1/31/1999
"OLAVO CALHEIROS                ","OLAVO CALHEIROS                ","PMDB","AL","suplente",2/3/1995,7/23/1997
"ORCINO GONÇALVES               ","ORCINO GONCALVES               ","PMDB","GO","titular",2/1/1995,1/31/1999
"OSCAR ANDRADE                  ","OSCAR ANDRADE                  ","PFL","RO","efetivado",1/10/1996,10/21/1996
"OSCAR ANDRADE                  ","OSCAR ANDRADE                  ","PFL","RO","efetivado",1/1/1997,1/31/1999
"OSCAR GOLDONI                  ","OSCAR GOLDONI                  ","PMDB","MS","titular",2/1/1995,1/31/1999
"OSMÂNIO PEREIRA                ","OSMANIO PEREIRA                ","PSDB","MG","titular",2/1/1995,1/31/1999
"OSMAR LEITÃO                   ","OSMAR LEITAO                   ","PPB","RJ","efetivado",6/3/1996,2/16/1997
"OSMAR LEITÃO                   ","OSMAR LEITAO                   ","PPB","RJ","efetivado",2/25/1997,1/31/1999
"OSMIR LIMA                     ","OSMIR LIMA                     ","PFL","AC","efetivado",12/4/1995,1/31/1999
"OSÓRIO ADRIANO                 ","OSORIO ADRIANO                 ","PFL","DF","titular",2/1/1995,1/31/1999
"OSVALDO BIOLCHI                ","OSVALDO BIOLCHI                ","PTB","RS","titular",2/1/1995,6/30/1998
"OSVALDO BIOLCHI                ","OSVALDO BIOLCHI                ","PTB","RS","titular",11/1/1998,1/31/1999
"OSVALDO COELHO                 ","OSVALDO COELHO                 ","PFL","PE","titular",2/1/1995,1/31/1999
"OSVALDO REIS                   ","OSVALDO REIS                   ","PPB","TO","titular",2/1/1995,4/1/1996
"OSVALDO REIS                   ","OSVALDO REIS                   ","PPB","TO","titular",8/1/1996,8/2/1998
"OSVALDO REIS                   ","OSVALDO REIS                   ","PPB","TO","titular",12/2/1998,1/31/1999
"OSWALDO SOLER                  ","OSWALDO SOLER                  ","PSDB","MT","suplente",7/9/1996,10/20/1997
"PADRE ROQUE                    ","PADRE ROQUE                    ","PT","PR","titular",2/1/1995,1/31/1999
"PAES DE ANDRADE                ","PAES DE ANDRADE                ","PMDB","CE","titular",2/1/1995,1/31/1999
"PAES LANDIM                    ","PAES LANDIM                    ","PFL","PI","titular",2/1/1995,1/31/1999
"PAUDERNEY AVELINO              ","PAUDERNEY AVELINO              ","PFL","AM","titular",2/1/1995,1/31/1999
"PAULO BAUER                    ","PAULO BAUER                    ","PFL","SC","titular",2/1/1995,2/25/1997
"PAULO BAUER                    ","PAULO BAUER                    ","PFL","SC","titular",6/29/1997,12/31/1998
"PAULO BERNARDO                 ","PAULO BERNARDO                 ","PT","PR","titular",2/1/1995,12/31/1998
"PAULO BORNHAUSEN               ","PAULO BORNHAUSEN               ","PFL","SC","titular",2/1/1995,1/31/1999
"PAULO CORDEIRO                 ","PAULO CORDEIRO                 ","PFL","PR","titular",2/1/1995,1/31/1999
"PAULO DELGADO                  ","PAULO DELGADO                  ","PT","MG","titular",2/1/1995,1/31/1999
"PAULO FEIJÓ                    ","PAULO FEIJO                    ","PSDB","RJ","suplente",3/6/1995,2/16/1997
"PAULO FEIJÓ                    ","PAULO FEIJO                    ","PSDB","RJ","suplente",2/20/1997,4/2/1998
"PAULO FEIJÓ                    ","PAULO FEIJO                    ","PSDB","RJ","suplente",1/14/1999,1/31/1999
"PAULO GOUVÊA                   ","PAULO GOUVEA                   ","PFL","SC","titular",2/1/1995,1/31/1999
"PAULO HESLANDER                ","PAULO HESLANDER                ","PTB","MG","titular",2/1/1995,1/31/1999
"PAULO LIMA                     ","PAULO LIMA                     ","PFL","SP","titular",2/1/1995,1/31/1999
"PAULO LUSTOSA                  ","PAULO LUSTOSA                  ","PMDB","CE","efetivado",5/13/1997,1/31/1999
"PAULO MOURÃO                   ","PAULO MOURAO                   ","PSDB","TO","titular",2/1/1995,1/31/1999
"PAULO NASCIMENTO               ","PAULO NASCIMENTO               ","PPB","RJ","suplente",1/2/1997,2/16/1997
"PAULO NASCIMENTO               ","PAULO NASCIMENTO               ","PPB","RJ","suplente",1/6/1998,3/30/1998
"PAULO NASCIMENTO               ","PAULO NASCIMENTO               ","PPB","RJ","suplente",1/1/1999,1/31/1999
"PAULO PAIM                     ","PAULO PAIM                     ","PT","RS","titular",2/1/1995,1/31/1999
"PAULO RITZEL                   ","PAULO RITZEL                   ","PMDB","RS","titular",2/1/1995,1/31/1999
"PAULO ROCHA                    ","PAULO ROCHA                    ","PT","PA","titular",2/1/1995,1/31/1999
"PAULO TITAN                    ","PAULO TITAN                    ","PMDB","PA","titular",2/1/1995,12/31/1996
"PEDRINHO ABRÃO                 ","PEDRINHO ABRAO                 ","PTB","GO","titular",2/1/1995,1/31/1999
"PEDRO CANEDO                   ","PEDRO CANEDO                   ","PL","GO","titular",2/1/1995,1/31/1999
"PEDRO CORREA                   ","PEDRO CORREA                   ","PPB","PE","titular",2/1/1995,1/31/1999
"PEDRO HENRY                    ","PEDRO HENRY                    ","PSDB","MT","efetivado",3/8/1996,1/31/1999
"PEDRO IRUJO                    ","PEDRO IRUJO                    ","PMDB","BA","titular",2/1/1995,1/31/1999
"PEDRO NOVAIS                   ","PEDRO NOVAIS                   ","PMDB","MA","titular",2/1/1995,1/31/1999
"PEDRO VALADARES                ","PEDRO VALADARES                ","PSB","SE","efetivado",7/19/1995,1/31/1999
"PEDRO WILSON                   ","PEDRO WILSON                   ","PT","GO","titular",2/1/1995,1/31/1999
"PEDRO YVES                     ","PEDRO YVES                     ","PPB","SP","suplente",5/6/1996,1/27/1997
"PEDRO YVES                     ","PEDRO YVES                     ","PPB","SP","suplente",1/30/1997,2/24/1997
"PEDRO YVES                     ","PEDRO YVES                     ","PPB","SP","suplente",2/28/1997,4/1/1998
"PHILEMON RODRIGUES             ","PHILEMON RODRIGUES             ","PTB","MG","titular",2/1/1995,1/31/1999
"PIMENTEL GOMES                 ","PIMENTEL GOMES                 ","PPS","CE","titular",2/1/1995,1/31/1999
"PINHEIRO LANDIM                ","PINHEIRO LANDIM                ","PMDB","CE","titular",2/1/1995,1/31/1999
"PRISCO VIANA                   ","PRISCO VIANA                   ","PPB","BA","titular",2/1/1995,1/31/1999
"RAIMUNDO BEZERRA               ","RAIMUNDO BEZERRA               ","PMDB","CE","suplente",6/30/1995,10/31/1995
"RAIMUNDO COLOMBO               ","RAIMUNDO COLOMBO               ","PFL","SC","efetivado",2/26/1997,6/28/1997
"RAIMUNDO COLOMBO               ","RAIMUNDO COLOMBO               ","PFL","SC","efetivado",1/5/1999,1/31/1999
"RAIMUNDO GOMES DE MATOS        ","RAIMUNDO GOMES DE MATOS        ","PSDB","CE","suplente",1/2/1997,4/2/1998
"RAIMUNDO SANTOS                ","RAIMUNDO SANTOS                ","PFL","PA","titular",2/1/1995,1/31/1999
"RAQUEL CAPIBERIBE              ","RAQUEL CAPIBERIBE              ","PSB","AP","titular",2/1/1995,1/31/1999
"RAUL BELÉM                     ","RAUL BELEM                     ","PFL","MG","titular",2/1/1995,1/31/1999
"REGINA LINO                    ","REGINA LINO                    ","PMDB","AC","efetivado",12/20/1996,1/31/1999
"RÉGIS DE OLIVEIRA              ","REGIS DE OLIVEIRA              ","PFL","SP","titular",2/1/1995,12/30/1996
"REINHOLD STEPHANES             ","REINHOLD STEPHANES             ","PFL","PR","titular",2/1/1995,2/2/1995
"REINHOLD STEPHANES             ","REINHOLD STEPHANES             ","PFL","PR","titular",4/3/1998,1/31/1999
"REMI TRINTA                    ","REMI TRINTA                    ","PL","MA","titular",2/1/1995,1/31/1999
"RENAN KURTZ                    ","RENAN KURTZ                    ","PDT","RS","titular",2/1/1995,1/31/1999
"RENATO JOHNSSON                ","RENATO JOHNSSON                ","PSDB","PR","titular",2/1/1995,1/31/1999
"RICARDO BARROS                 ","RICARDO BARROS                 ","PPB","PR","titular",2/1/1995,1/31/1999
"RICARDO GOMYDE                 ","RICARDO GOMYDE                 ","PC DO B","PR","titular",2/1/1995,1/31/1999
"RICARDO HERÁCLIO               ","RICARDO HERACLIO               ","PSB","PE","suplente",2/3/1995,4/1/1998
"RICARDO IZAR                   ","RICARDO IZAR                   ","PPB","SP","titular",2/1/1995,1/31/1999
"RICARDO RIQUE                  ","RICARDO RIQUE                  ","PMDB","PB","efetivado",5/11/1995,10/9/1995
"RICARDO RIQUE                  ","RICARDO RIQUE                  ","PMDB","PB","efetivado",8/6/1996,12/4/1996
"RICARDO RIQUE                  ","RICARDO RIQUE                  ","PMDB","PB","efetivado",1/1/1997,1/31/1999
"RITA CAMATA                    ","RITA CAMATA                    ","PMDB","ES","titular",2/1/1995,1/31/1999
"RIVALDO MACARI                 ","RIVALDO MACARI                 ","PMDB","SC","suplente",2/14/1995,7/11/1996
"RIVALDO MACARI                 ","RIVALDO MACARI                 ","PMDB","SC","suplente",11/10/1996,12/16/1996
"ROBÉRIO ARAÚJO                 ","ROBERIO ARAUJO                 ","PPB","RR","titular",2/1/1995,1/31/1999
"ROBERTO BALESTRA               ","ROBERTO BALESTRA               ","PPB","GO","titular",2/1/1995,1/31/1999
"ROBERTO BRANT                  ","ROBERTO BRANT                  ","PSDB","MG","titular",2/1/1995,1/31/1999
"ROBERTO CAMPOS                 ","ROBERTO CAMPOS                 ","PPB","RJ","titular",2/1/1995,1/31/1999
"ROBERTO FONTES                 ","ROBERTO FONTES                 ","PFL","PE","titular",2/1/1995,1/31/1999
"ROBERTO FRANÇA                 ","ROBERTO FRANCA                 ","PSDB","MT","titular",2/1/1995,7/2/1996
"ROBERTO JEFFERSON              ","ROBERTO JEFFERSON              ","PTB","RJ","titular",2/1/1995,1/31/1999
"ROBERTO MAGALHÃES              ","ROBERTO MAGALHAES              ","PFL","PE","titular",2/1/1995,12/31/1996
"ROBERTO PAULINO                ","ROBERTO PAULINO                ","PMDB","PB","titular",2/1/1995,5/9/1995
"ROBERTO PAULINO                ","ROBERTO PAULINO                ","PMDB","PB","titular",10/10/1995,12/9/1998
"ROBERTO PESSOA                 ","ROBERTO PESSOA                 ","PFL","CE","titular",2/1/1995,1/31/1999
"ROBERTO ROCHA                  ","ROBERTO ROCHA                  ","PSDB","MA","titular",2/1/1995,1/31/1999
"ROBERTO SANTOS                 ","ROBERTO SANTOS                 ","PSDB","BA","titular",2/1/1995,1/31/1999
"ROBERTO VALADÃO                ","ROBERTO VALADAO                ","PMDB","ES","titular",2/1/1995,1/31/1999
"ROBSON ROMERO                  ","ROBSON ROMERO                  ","PSDB","RJ","suplente",1/14/1997,2/6/1997
"ROBSON ROMERO                  ","ROBSON ROMERO                  ","PSDB","RJ","suplente",2/25/1997,4/23/1997
"ROBSON ROMERO                  ","ROBSON ROMERO                  ","PSDB","RJ","suplente",5/13/1997,9/1/1997
"ROBSON TUMA                    ","ROBSON TUMA                    ","PFL","SP","titular",2/1/1995,1/31/1999
"RODRIGUES PALMA                ","RODRIGUES PALMA                ","PTB","MT","titular",2/1/1995,1/31/1999
"ROGÉRIO SILVA                  ","ROGERIO SILVA                  ","PFL","MT","titular",2/1/1995,1/31/1999
"ROLAND LAVIGNE                 ","ROLAND LAVIGNE                 ","PFL","BA","titular",2/1/1995,1/31/1999
"ROMEL ANÍZIO                   ","ROMEL ANIZIO                   ","PPB","MG","titular",2/1/1995,1/31/1999
"ROMMEL FEIJÓ                   ","ROMMEL FEIJO                   ","PSDB","CE","titular",2/1/1995,1/31/1999
"RONALDO CEZAR COELHO           ","RONALDO CEZAR COELHO           ","PSDB","RJ","titular",2/1/1995,2/2/1995
"RONALDO CEZAR COELHO           ","RONALDO CEZAR COELHO           ","PSDB","RJ","titular",6/19/1996,7/9/1996
"RONALDO CEZAR COELHO           ","RONALDO CEZAR COELHO           ","PSDB","RJ","titular",2/20/1997,2/20/1997
"RONALDO CEZAR COELHO           ","RONALDO CEZAR COELHO           ","PSDB","RJ","titular",4/24/1997,1/31/1999
"RONALDO PERIM                  ","RONALDO PERIM                  ","PMDB","MG","titular",2/1/1995,1/31/1999
"RONALDO SANTOS                 ","RONALDO SANTOS                 ","PSDB","RJ","titular",2/17/1997,1/31/1999
"RONIVON SANTIAGO               ","RONIVON SANTIAGO               ","PFL","AC","titular",2/1/1995,5/20/1997
"RUBEM MEDINA                   ","RUBEM MEDINA                   ","PFL","RJ","titular",2/1/1995,1/31/1999
"RUBENS COSAC                   ","RUBENS COSAC                   ","PMDB","GO","titular",2/1/1995,1/31/1999
"SALATIEL CARVALHO              ","SALATIEL CARVALHO              ","PPB","PE","titular",2/1/1995,1/31/1999
"SALOMÃO CRUZ                   ","SALOMAO CRUZ                   ","PSDB","RR","titular",2/1/1995,1/31/1999
"SALVADOR ZIMBALDI              ","SALVADOR ZIMBALDI              ","PSDB","SP","titular",2/1/1995,1/31/1999
"SANDRA STARLING                ","SANDRA STARLING                ","PT","MG","titular",2/1/1995,1/31/1999
"SANDRO MABEL                   ","SANDRO MABEL                   ","PMDB","GO","titular",2/1/1995,1/31/1999
"SARAIVA FELIPE                 ","SARAIVA FELIPE                 ","PMDB","MG","titular",2/1/1995,1/31/1999
"SARNEY FILHO                   ","SARNEY FILHO                   ","PFL","MA","titular",2/1/1995,6/7/1998
"SARNEY FILHO                   ","SARNEY FILHO                   ","PFL","MA","titular",10/7/1998,12/31/1998
"SAULO QUEIROZ                  ","SAULO QUEIROZ                  ","PFL","MS","titular",2/1/1995,1/31/1999
"SEBASTIÃO MADEIRA              ","SEBASTIAO MADEIRA              ","PSDB","MA","titular",2/1/1995,1/31/1999
"SERAFIM VENZON                 ","SERAFIM VENZON                 ","PDT","SC","titular",2/1/1995,1/31/1999
"SERGIO AROUCA                  ","SERGIO AROUCA                  ","PPS","RJ","titular",2/1/1995,1/31/1999
"SÉRGIO BARCELLOS               ","SERGIO BARCELLOS               ","PFL","AP","titular",2/1/1995,1/31/1999
"SÉRGIO CARNEIRO                ","SERGIO CARNEIRO                ","PDT","BA","titular",2/1/1995,1/31/1999
"SÉRGIO GUERRA                  ","SERGIO GUERRA                  ","PSB","PE","titular",2/1/1995,9/4/1997
"SÉRGIO GUERRA                  ","SERGIO GUERRA                  ","PSB","PE","titular",4/2/1998,1/31/1999
"SÉRGIO MIRANDA                 ","SERGIO MIRANDA                 ","PC DO B","MG","titular",2/1/1995,1/31/1999
"SÉRGIO NAYA                    ","SERGIO NAYA                    ","S. PART.","MG","titular",2/1/1995,4/14/1998
"SEVERIANO ALVES                ","SEVERIANO ALVES                ","PDT","BA","titular",2/1/1995,1/31/1999
"SEVERINO CAVALCANTI            ","SEVERINO CAVALCANTI            ","PPB","PE","titular",2/1/1995,1/31/1999
"SILAS BRASILEIRO               ","SILAS BRASILEIRO               ","PMDB","MG","titular",2/1/1995,1/31/1999
"SILVERNANI SANTOS              ","SILVERNANI SANTOS              ","PFL","RO","titular",2/1/1995,1/31/1999
"SÍLVIO ABREU                   ","SILVIO ABREU                   ","PDT","MG","titular",2/1/1995,1/31/1999
"SÍLVIO PESSOA                  ","SILVIO PESSOA                  ","PMDB","PE","efetivado",1/2/1997,1/31/1999
"SILVIO TORRES                  ","SILVIO TORRES                  ","PSDB","SP","titular",2/1/1995,1/31/1999
"SIMÃO SESSIM                   ","SIMAO SESSIM                   ","PPB","RJ","titular",2/1/1995,1/31/1999
"SIMARA ELLERY                  ","SIMARA ELLERY                  ","PMDB","BA","titular",2/1/1995,1/31/1999
"SOCORRO GOMES                  ","SOCORRO GOMES                  ","PC DO B","PA","titular",2/1/1995,1/31/1999
"SYLVIO LOPES                   ","SYLVIO LOPES                   ","PSDB","RJ","titular",2/3/1995,12/30/1996
"TALVANE ALBUQUERQUE            ","TALVANE ALBUQUERQUE            ","S. PART.","AL","titular",2/1/1995,1/31/1999
"TELMA DE SOUZA                 ","TELMA DE SOUZA                 ","PT","SP","titular",2/1/1995,1/31/1999
"TELMO KIRST                    ","TELMO KIRST                    ","PPB","RS","titular",2/1/1995,3/11/1996
"TELMO KIRST                    ","TELMO KIRST                    ","PPB","RS","titular",1/13/1997,2/6/1997
"TELMO KIRST                    ","TELMO KIRST                    ","PPB","RS","titular",2/21/1997,3/2/1997
"TELMO KIRST                    ","TELMO KIRST                    ","PPB","RS","titular",3/30/1998,11/3/1998
"TELMO KIRST                    ","TELMO KIRST                    ","PPB","RS","titular",11/19/1998,11/22/1998
"TELMO KIRST                    ","TELMO KIRST                    ","PPB","RS","titular",1/1/1999,1/31/1999
"TETE BEZERRA                   ","TETE BEZERRA                   ","PMDB","MT","titular",2/1/1995,1/31/1999
"THEODORICO FERRAÇO             ","THEODORICO FERRACO             ","PTB","ES","titular",2/1/1995,12/31/1996
"TILDEN SANTIAGO                ","TILDEN SANTIAGO                ","PT","MG","titular",2/1/1995,1/31/1999
"TUGA ANGERAMI                  ","TUGA ANGERAMI                  ","PSDB","SP","titular",2/1/1995,1/31/1999
"UBALDINO JUNIOR                ","UBALDINO JUNIOR                ","PSB","BA","titular",2/1/1995,12/30/1996
"UBALDO CORRÊA                  ","UBALDO CORREA                  ","PMDB","PA","titular",2/1/1995,4/20/1996
"UBIRATAN AGUIAR                ","UBIRATAN AGUIAR                ","PSDB","CE","titular",2/1/1995,1/31/1999
"UDSON BANDEIRA                 ","UDSON BANDEIRA                 ","PMDB","TO","titular",2/1/1995,5/14/1996
"UDSON BANDEIRA                 ","UDSON BANDEIRA                 ","PMDB","TO","titular",9/16/1996,1/31/1999
"ULYSSES GABOARDI               ","ULYSSES GABOARDI               ","PMDB","SC","suplente",7/16/1996,11/9/1996
"URSICINO QUEIROZ               ","URSICINO QUEIROZ               ","PFL","BA","titular",2/1/1995,1/31/1999
"USHITARO KAMIA                 ","USHITARO KAMIA                 ","PPB","SP","titular",2/1/1995,1/31/1999
"VADÃO GOMES                    ","VADAO GOMES                    ","PPB","SP","titular",2/1/1995,1/31/1999
"VALDECI OLIVEIRA               ","VALDECI OLIVEIRA               ","PT","RS","efetivado",1/2/1997,1/31/1999
"VALDEMAR COSTA NETO            ","VALDEMAR COSTA NETO            ","PL","SP","titular",2/1/1995,1/31/1999
"VALDENOR GUEDES                ","VALDENOR GUEDES                ","PPB","AP","titular",2/1/1995,1/31/1999
"VALDIR COLATTO                 ","VALDIR COLATTO                 ","PMDB","SC","efetivado",2/7/1995,1/31/1999
"VALDOMIRO MEGER                ","VALDOMIRO MEGER                ","PFL","PR","titular",2/1/1995,1/31/1999
"VANESSA FELIPPE                ","VANESSA FELIPPE                ","PFL","RJ","titular",2/1/1995,1/31/1999
"VANIO DOS SANTOS               ","VANIO DOS SANTOS               ","PT","SC","efetivado",1/6/1997,1/31/1999
"VIC PIRES FRANCO               ","VIC PIRES FRANCO               ","PFL","PA","titular",2/1/1995,1/31/1999
"VICENTE ANDRÉ GOMES            ","VICENTE ANDRE GOMES            ","PSB","PE","titular",2/1/1995,1/31/1999
"VICENTE ARRUDA                 ","VICENTE ARRUDA                 ","PSDB","CE","titular",2/1/1995,1/31/1999
"VICENTE CASCIONE               ","VICENTE CASCIONE               ","PTB","SP","titular",2/1/1995,1/31/1999
"VILMAR ROCHA                   ","VILMAR ROCHA                   ","PFL","GO","titular",2/1/1995,1/31/1999
"VILSON SANTINI                 ","VILSON SANTINI                 ","PTB","PR","titular",2/1/1995,12/30/1996
"VIRMONDES CRUVINEL             ","VIRMONDES CRUVINEL             ","PMDB","GO","efetivado",4/18/1995,4/18/1995
"VIRMONDES CRUVINEL             ","VIRMONDES CRUVINEL             ","PMDB","GO","efetivado",11/6/1997,11/6/1997
"VIRMONDES CRUVINEL             ","VIRMONDES CRUVINEL             ","PMDB","GO","efetivado",10/15/1998,10/25/1998
"VIRMONDES CRUVINEL             ","VIRMONDES CRUVINEL             ","PMDB","GO","efetivado",1/1/1999,1/31/1999
"VITTORIO MEDIOLI               ","VITTORIO MEDIOLI               ","PSDB","MG","titular",2/1/1995,1/31/1999
"VITURIANO DE ABREU             ","VITURIANO DE ABREU             ","PMDB","PB","efetivado",12/11/1998,1/31/1999
"WAGNER DO NASCIMENTO           ","WAGNER DO NASCIMENTO           ","PPB","MG","efetivado",1/2/1997,1/31/1999
"WAGNER ROSSI                   ","WAGNER ROSSI                   ","PMDB","SP","titular",2/1/1995,1/31/1999
"WAGNER SALUSTIANO              ","WAGNER SALUSTIANO              ","PPB","SP","titular",2/1/1995,1/31/1999
"WALDIR DIAS                    ","WALDIR DIAS                    ","PPB","PI","suplente",8/23/1995,12/22/1995
"WALDIR DIAS                    ","WALDIR DIAS                    ","PPB","PI","suplente",4/29/1998,9/18/1998
"WALDOMIRO FIORAVANTE           ","WALDOMIRO FIORAVANTE           ","PT","RS","titular",2/1/1995,1/31/1999
"WALTER PINHEIRO                ","WALTER PINHEIRO                ","PT","BA","efetivado",1/2/1997,1/31/1999
"WELINTON FAGUNDES              ","WELINTON FAGUNDES              ","PL","MT","titular",2/1/1995,1/31/1999
"WELSON GASPARINI               ","WELSON GASPARINI               ","PSDB","SP","titular",2/1/1995,1/31/1999
"WERNER WANDERER                ","WERNER WANDERER                ","PFL","PR","titular",2/1/1995,1/31/1999
"WIGBERTO TARTUCE               ","WIGBERTO TARTUCE               ","PPB","DF","titular",2/1/1995,12/31/1998
"WIGBERTO TARTUCE               ","WIGBERTO TARTUCE               ","PPB","DF","titular",1/6/1999,1/31/1999
"WILSON BRAGA                   ","WILSON BRAGA                   ","PSDB","PB","titular",2/1/1995,1/31/1999
"WILSON BRANCO                  ","WILSON BRANCO                  ","PMDB","RS","suplente",2/2/1995,3/20/1996
"WILSON BRANCO                  ","WILSON BRANCO                  ","PMDB","RS","suplente",4/10/1996,12/30/1996
"WILSON CAMPOS                  ","WILSON CAMPOS                  ","PSDB","PE","titular",2/1/1995,1/31/1999
"WILSON CIGNACHI                ","WILSON CIGNACHI                ","PMDB","RS","titular",2/1/1995,1/31/1999
"WILSON CUNHA                   ","WILSON CUNHA                   ","PTB","SE","titular",2/1/1995,11/13/1997
"WILSON CUNHA                   ","WILSON CUNHA                   ","PTB","SE","titular",4/2/1998,4/2/1998
"WILSON CUNHA                   ","WILSON CUNHA                   ","PTB","SE","titular",8/6/1998,1/31/1999
"WILSON LEITE PASSOS            ","WILSON LEITE PASSOS            ","PPB","RJ","suplente",6/4/1996,12/30/1996
"WOLNEY QUEIROZ                 ","WOLNEY QUEIROZ                 ","PDT","PE","titular",2/1/1995,1/31/1999
"YEDA CRUSIUS                   ","YEDA CRUSIUS                   ","PSDB","RS","titular",2/1/1995,1/31/1999
"ZAIRE REZENDE                  ","ZAIRE REZENDE                  ","PMDB","MG","titular",2/1/1995,1/31/1999
"ZÉ GERARDO                     ","ZE GERARDO                     ","PSDB","CE","titular",2/1/1995,12/31/1996
"ZÉ GOMES DA ROCHA              ","ZE GOMES DA ROCHA              ","PMDB","GO","titular",2/1/1995,1/31/1999
"ZILA BEZERRA                   ","ZILA BEZERRA                   ","PFL","AC","titular",2/1/1995,1/31/1999
"ZULAIÊ COBRA                   ","ZULAIE COBRA                   ","PSDB","SP","titular",2/1/1995,1/31/1999
