"id","name","party","state","vote.1692","vote.1693","vote.1694","vote.1695","vote.1696","vote.1698","vote.1763","vote.1764","vote.1765","vote.1766","vote.1767","vote.1769","vote.1771","vote.1772","vote.1773","vote.1774","vote.1775","vote.1777","vote.1779","vote.1781"
440,"ABELARDO LUPION","PFL","PR",1,1,1,1,2,1,2,1,1,4,4,1,1,2,1,1,1,1,4,4
486,"ADAO PRETTO","PT","RS",4,4,4,4,1,2,1,4,4,4,4,4,4,4,4,4,4,4,4,1
127,"ADAUTO PEREIRA","PFL","PB",1,1,2,1,2,1,2,1,1,2,4,1,1,2,1,1,4,2,4,2
88,"ADOLFO MARINHO","PSDB","CE",1,1,2,1,2,1,2,1,1,2,2,4,1,2,1,1,4,2,4,2
221,"AECIO NEVES","PSDB","MG",4,4,4,4,4,4,4,4,4,4,4,4,4,4,4,4,4,4,4,4
441,"AFFONSO CAMARGO","PSDB","PR",1,1,2,1,2,1,2,1,4,2,2,1,1,2,1,1,4,2,4,2
44,"AGNALDO MUNIZ","PPS","RO",2,2,4,2,4,2,2,3,2,1,2,1,2,2,4,4,4,1,4,4
407,"AGNELO QUEIROZ","PCdoB","DF",2,2,1,1,1,2,4,4,4,4,4,2,2,1,1,2,1,1,5,1
2,"AIRTON CASCAVEL","PPS","RR",1,1,2,1,1,1,4,4,4,4,4,1,1,2,1,1,1,2,4,4
488,"AIRTON DIPP","PDT","RS",2,2,1,2,1,2,1,2,2,1,5,4,4,4,1,2,1,2,4,1
442,"AIRTON ROVEDA","PTB","PR",1,1,2,1,2,1,2,2,1,2,2,1,1,4,2,2,1,4,4,1
68,"ALBERICO FILHO","PMDB","MA",1,1,2,1,2,1,2,1,1,4,4,1,1,4,1,1,4,1,4,4
545,"ALBERTO FRAGA","PMDB","DF",1,1,2,1,2,1,NA,NA,NA,NA,NA,NA,NA,NA,NA,NA,NA,NA,NA,NA
330,"ALBERTO GOLDMAN","PSDB","SP",1,1,1,4,2,1,2,1,1,2,2,4,1,2,1,1,1,2,4,2
1,"ALCESTE ALMEIDA","PL","RR",1,1,2,1,2,1,2,4,1,2,2,1,1,2,1,1,1,2,4,2
487,"ALCEU COLLARES","PDT","RS",2,2,1,2,1,2,5,2,2,4,5,1,2,1,1,2,4,2,4,1
529,"ALCIONE ATHAYDE","PSB","RJ",4,4,4,4,4,4,NA,NA,NA,NA,5,2,2,4,4,4,4,1,4,4
283,"ALDIR CABRAL","PFL","RJ",1,1,1,1,2,1,2,4,1,2,4,2,1,2,4,1,1,2,4,2
579,"ALDO ARANTES","PCdoB","GO",2,2,1,1,1,2,1,2,2,1,5,2,2,1,1,2,1,1,4,1
331,"ALDO REBELO","PCdoB","SP",2,2,1,1,1,2,4,2,2,1,4,4,2,4,1,2,1,1,4,1
445,"ALEX CANZIANI","PSDB","PR",1,1,1,1,2,1,2,1,1,2,2,1,1,4,1,1,4,2,1,4
284,"ALEXANDRE CARDOSO","PSB","RJ",4,4,1,1,1,2,1,2,4,4,5,2,5,1,1,2,1,1,4,1
285,"ALEXANDRE SANTOS","PSDB","RJ",1,1,1,1,2,1,2,4,4,4,4,4,4,4,4,4,4,4,4,4
89,"ALMEIDA DE JESUS","PL","CE",2,2,3,1,1,2,4,4,4,4,4,2,2,2,1,2,1,1,5,1
286,"ALMERINDA DE CARVALHO","PPB","RJ",NA,NA,NA,NA,NA,NA,2,1,1,2,2,1,1,2,1,1,1,2,4,2
6,"ALMIR SA","PPB","RR",1,1,2,1,2,1,4,4,4,4,4,4,4,4,4,4,4,4,4,2
332,"ALOIZIO MERCADANTE","PT","SP",1,1,4,4,4,4,1,2,2,1,5,1,2,2,1,2,4,1,4,1
333,"ALOYSIO NUNES FERREIRA","PSDB","SP",NA,NA,NA,NA,NA,NA,2,1,1,2,4,4,4,4,1,1,1,2,4,2
119,"ANA CATARINA","PMDB","RN",4,1,2,1,2,1,4,1,1,2,2,1,4,4,4,1,1,2,4,4
601,"ANA CORSO","PT","RS",1,1,4,1,1,2,NA,NA,NA,NA,NA,NA,NA,NA,NA,NA,NA,NA,NA,NA
339,"ANDRE BENASSI","PSDB","SP",1,1,2,1,2,1,2,1,1,2,2,1,1,2,1,1,1,2,4,2
142,"ANDRE DE PAULA","PFL","PE",NA,NA,NA,NA,NA,NA,NA,NA,NA,NA,NA,NA,NA,NA,1,1,1,2,4,2
340,"ANGELA GUADAGNIN","PT","SP",1,1,1,1,1,2,4,2,2,1,5,4,2,2,1,2,1,1,4,1
87,"ANIBAL GOMES","PMDB","CE",1,1,4,1,2,1,2,1,1,4,4,1,1,4,1,1,4,2,4,4
19,"ANIVALDO VALE","PSDB","PA",1,4,2,1,2,1,4,1,1,2,2,4,1,2,1,1,1,2,4,2
91,"ANTONIO CAMBRAIA","PSDB","CE",NA,NA,NA,NA,NA,NA,NA,NA,NA,NA,NA,1,1,2,1,1,1,2,5,2
475,"ANTONIO CARLOS KONDER REIS","PFL","SC",1,1,1,1,2,1,2,1,1,2,2,1,1,2,1,1,1,2,5,2
552,"ANTONIO CARLOS MENDES THAME","PSDB","SP",NA,NA,NA,NA,NA,NA,NA,NA,NA,NA,NA,NA,NA,NA,NA,NA,NA,NA,NA,2
334,"ANTONIO CARLOS PANNUNZIO","PSDB","SP",1,1,2,1,4,1,4,4,4,4,4,1,1,2,1,1,1,2,1,2
222,"ANTONIO DO VALLE","PMDB","MG",1,1,4,1,2,1,2,2,2,2,2,1,1,2,2,1,1,2,5,2
9,"ANTONIO FEIJAO","PSDB","AP",1,1,2,4,2,1,2,1,1,2,2,4,1,2,1,1,1,2,4,4
536,"ANTONIO JOAQUIM ARAUJO","PPB","MA",1,1,2,1,2,1,NA,NA,NA,NA,NA,NA,NA,NA,NA,NA,NA,NA,NA,NA
60,"ANTONIO JORGE","PTB","TO",1,1,2,1,2,1,2,1,1,2,2,1,1,4,1,1,1,1,4,2
335,"ANTONIO KANDIR","PSDB","SP",1,1,2,1,2,1,2,1,1,4,4,1,1,4,1,1,1,4,4,4
223,"ARACELY DE PAULA","PFL","MG",1,1,4,4,2,1,2,1,1,2,2,4,1,2,1,1,1,2,4,4
92,"ARIOSTO HOLANDA","PSDB","CE",NA,NA,NA,NA,NA,NA,NA,NA,NA,NA,NA,4,4,2,1,1,1,2,4,4
589,"ARISTON ANDRADE","PFL","BA",1,1,2,1,2,1,NA,NA,NA,NA,NA,NA,NA,NA,NA,NA,NA,NA,NA,NA
336,"ARLINDO CHINAGLIA","PT","SP",1,1,1,1,1,2,1,2,2,1,1,1,2,2,1,2,1,1,4,1
129,"ARMANDO ABILIO","PSDB","PB",1,1,2,1,2,1,2,1,1,2,2,1,1,2,1,1,1,2,4,4
144,"ARMANDO MONTEIRO","PMDB","PE",1,1,2,1,2,1,2,1,1,2,2,1,1,2,1,1,1,2,4,2
337,"ARNALDO FARIA DE SA","PTB","SP",2,2,1,1,1,1,1,2,2,1,2,2,2,1,2,2,1,1,2,1
343,"ARNALDO MADEIRA","PSDB","SP",1,1,2,1,2,1,2,1,1,2,2,1,1,2,1,1,1,2,4,2
90,"ARNON BEZERRA","PSDB","CE",1,4,2,1,2,4,2,1,1,4,4,4,1,2,1,1,1,2,4,2
288,"AROLDE DE OLIVEIRA","PFL","RJ",1,4,2,1,2,1,2,1,4,4,4,4,1,2,4,1,1,2,4,2
183,"AROLDO CEDRAZ","PFL","BA",NA,NA,NA,NA,NA,NA,2,1,1,2,4,4,1,2,4,1,1,1,4,2
37,"ARTHUR VIRGILIO","PSDB","AM",NA,NA,NA,NA,NA,NA,2,1,1,4,4,1,1,4,1,1,1,3,4,4
592,"ARY JOSE VANAZZI","PT","RS",NA,NA,NA,NA,NA,NA,1,2,2,1,5,1,2,4,1,2,1,1,5,1
338,"ARY KARA","PTB","SP",1,1,2,1,2,1,4,4,4,4,4,1,1,2,2,2,1,2,4,4
595,"ASDRUBAL BENTES","PMDB","PA",1,1,2,1,2,1,2,1,1,2,2,1,1,4,1,1,1,1,4,2
38,"ATILA LINS","PFL","AM",1,1,2,1,2,1,2,1,1,4,4,1,1,2,1,1,1,2,4,4
109,"ATILA LIRA","PSDB","PI",1,1,2,1,2,1,2,1,4,2,2,1,1,2,1,1,1,2,4,2
165,"AUGUSTO FARIAS","PPB","AL",2,2,2,1,2,2,4,2,2,2,2,1,1,2,1,1,1,2,4,1
173,"AUGUSTO FRANCO","PSDB","SE",4,4,2,3,1,1,4,4,4,4,2,1,1,2,1,1,1,2,4,4
489,"AUGUSTO NARDES","PPB","RS",1,1,1,1,2,1,4,1,1,2,4,1,1,4,1,1,1,4,4,3
128,"AVENZOAR ARRUDA","PT","PB",1,1,1,1,1,2,1,2,2,4,4,1,2,2,1,2,1,1,4,1
287,"AYRTON XEREZ","PFL","RJ",NA,NA,NA,NA,NA,NA,2,1,1,2,2,2,1,2,4,4,4,1,4,2
111,"B  SA","PSDB","PI",1,1,2,1,2,1,2,1,1,2,2,1,1,2,1,1,1,2,4,4
21,"BABA","PT","PA",4,4,4,2,4,2,4,2,2,1,5,4,4,4,1,2,1,1,4,1
10,"BADU PICANCO","PL","AP",1,1,2,4,4,1,2,1,1,4,4,1,1,2,1,1,4,2,4,2
416,"BARBOSA NETO","PMDB","GO",1,4,2,1,2,1,4,1,4,2,2,4,1,4,4,1,1,4,4,4
443,"BASILIO VILLANI","PSDB","PR",1,1,2,1,2,1,4,4,4,4,4,1,1,2,1,1,4,4,4,2
432,"BEN HUR FERREIRA","PT","MS",NA,NA,NA,NA,NA,NA,1,2,2,1,4,4,2,2,1,2,1,1,4,1
184,"BENITO GAMA","PMDB","BA",1,1,2,1,2,1,2,1,4,2,2,1,1,2,1,1,1,2,4,2
490,"BETO ALBUQUERQUE","PSB","RS",NA,NA,NA,NA,NA,NA,1,2,2,4,5,2,2,1,4,4,4,4,5,1
289,"BISPO RODRIGUES","PL","RJ",2,2,1,1,1,1,1,2,4,2,2,2,2,2,1,1,1,1,4,1
347,"BISPO WANDERVAL","PL","SP",2,2,1,1,1,1,1,2,2,2,2,2,2,2,1,1,1,1,4,1
528,"BONIFACIO DE ANDRADA","PSDB","MG",1,1,2,3,4,1,2,1,1,4,4,4,4,2,4,4,4,4,4,4
224,"CABO JULIO","PST","MG",1,1,2,1,2,1,2,1,1,2,2,4,1,4,1,1,1,4,4,4
597,"CANDINHO MATTOS","PSDB","RJ",1,1,2,1,2,1,NA,NA,NA,NA,NA,NA,NA,NA,NA,NA,NA,NA,NA,NA
476,"CARLITO MERSS","PT","SC",4,4,1,1,1,2,1,2,2,1,4,1,4,2,1,2,1,1,5,1
120,"CARLOS ALBERTO ROSADO","PFL","RN",1,1,4,4,2,1,4,1,1,1,2,1,4,2,1,1,1,2,4,2
148,"CARLOS BATATA","PSDB","PE",1,1,2,1,4,4,4,1,1,4,2,4,1,2,1,1,4,4,4,2
130,"CARLOS DUNGA","PTB","PB",1,1,2,1,2,1,2,1,1,2,2,1,1,2,2,1,1,2,4,1
152,"CARLOS EDUARDO CADOCA","PMDB","PE",NA,NA,NA,NA,NA,NA,NA,NA,NA,NA,NA,NA,NA,NA,1,1,1,2,4,4
226,"CARLOS MELLES","PFL","MG",NA,NA,NA,NA,NA,NA,2,1,1,2,4,1,1,2,1,1,1,2,4,2
227,"CARLOS MOSCONI","PSDB","MG",1,1,2,1,2,1,2,1,1,2,2,1,1,2,1,1,4,2,4,2
621,"CARLOS NADER","PFL","RJ",1,1,2,1,2,1,NA,NA,NA,NA,NA,NA,NA,NA,NA,NA,NA,NA,NA,NA
290,"CARLOS SANTANA","PT","RJ",1,1,1,1,1,2,1,2,2,2,4,4,2,2,4,4,4,1,2,1
400,"CELCITA PINHEIRO","PFL","MT",1,1,1,1,2,1,2,1,1,2,2,1,1,2,2,1,1,1,4,2
344,"CELSO RUSSOMANNO","PPB","SP",1,1,2,4,2,1,2,2,4,2,2,4,1,4,2,1,1,2,4,1
70,"CESAR BANDEIRA","PFL","MA",1,1,2,1,2,1,2,1,4,4,4,1,1,2,1,1,1,2,3,4
494,"CEZAR SCHIRMER","PMDB","RS",4,4,1,1,1,3,2,3,2,4,4,4,1,4,1,1,1,2,4,4
446,"CHICO DA PRINCESA","PSDB","PR",1,1,2,1,2,1,2,1,1,2,4,1,1,2,1,1,4,2,4,2
573,"CHICO SARDELLI","PFL","SP",4,4,1,1,2,1,2,1,1,2,4,4,1,2,1,1,1,2,4,4
93,"CHIQUINHO FEITOSA","PSDB","CE",4,4,2,1,4,4,4,4,4,4,4,4,1,4,1,1,1,4,4,2
112,"CIRO NOGUEIRA","PFL","PI",1,1,2,4,2,1,2,1,1,4,4,1,1,4,1,1,1,2,4,4
186,"CLAUDIO CAJADO","PFL","BA",1,1,4,4,2,1,2,1,1,2,2,1,1,2,1,1,4,1,5,2
153,"CLEMENTINO COELHO","PPS","PE",1,1,1,1,4,4,2,1,1,2,2,4,4,2,1,1,1,1,4,1
176,"CLEONANCIO FONSECA","PPB","SE",4,4,2,4,2,4,2,1,1,4,4,4,1,2,1,1,1,2,4,4
225,"CLEUBER CARNEIRO","PFL","MG",1,1,2,1,2,1,2,1,4,4,2,1,1,2,1,1,4,2,4,2
606,"CLOVIS ILGENFRITZ","PT","RS",4,4,4,4,4,4,NA,NA,NA,NA,NA,NA,NA,NA,NA,NA,NA,NA,NA,NA
45,"CONFUCIO MOURA","PMDB","RO",1,1,2,1,2,4,4,1,1,4,4,4,1,2,1,1,4,4,4,2
345,"CORAUCI SOBRINHO","PFL","SP",1,1,1,1,1,1,1,2,2,2,2,1,1,2,1,1,1,1,2,1
187,"CORIOLANO SALES","PMDB","BA",1,1,1,4,4,4,2,1,1,2,2,1,1,2,1,1,1,2,4,2
291,"CORNELIO RIBEIRO","PL","RJ",4,4,4,4,4,4,5,4,4,4,4,2,2,2,1,1,1,1,4,1
71,"COSTA FERREIRA","PFL","MA",4,4,2,1,2,1,2,2,1,4,2,1,1,2,1,1,1,2,4,1
346,"CUNHA BUENO","PPB","SP",4,4,1,1,1,1,4,2,2,2,2,3,2,2,2,1,1,2,4,1
228,"CUSTODIO MATTOS","PSDB","MG",1,1,2,1,2,1,2,1,1,2,2,4,1,2,1,1,1,2,4,2
133,"DAMIAO FELICIANO","PMDB","PB",1,1,2,1,2,1,2,1,1,4,4,4,1,2,1,1,1,4,4,4
229,"DANILO DE CASTRO","PSDB","MG",1,1,2,1,2,1,2,1,1,2,2,1,1,2,1,1,1,2,4,2
61,"DARCI COELHO","PFL","TO",NA,NA,NA,NA,NA,NA,2,1,1,2,2,1,1,4,1,1,1,2,4,2
491,"DARCISIO PERONDI","PMDB","RS",1,1,2,1,2,1,2,1,1,4,2,1,1,4,1,1,4,4,4,2
382,"DE VELASCO","PSL","SP",2,2,1,1,1,1,1,2,2,2,2,2,4,2,1,1,1,1,4,1
348,"DELFIM NETTO","PPB","SP",1,1,2,1,2,1,2,1,1,4,4,4,1,2,1,1,1,2,4,2
18,"DEUSDETH PANTOJA","PFL","PA",1,1,2,1,2,1,2,1,1,4,4,1,1,4,4,4,4,2,4,2
444,"DILCEU SPERAFICO","PPB","PR",1,1,2,1,2,1,2,1,1,4,4,1,4,4,1,1,1,2,4,2
293,"DINO FERNANDES","PPB","RJ",1,1,2,1,2,1,4,4,4,2,2,1,1,2,1,1,1,2,4,2
598,"DIVALDO SURUAGY","PST","AL",4,4,2,1,2,1,3,3,4,2,2,4,1,2,1,1,1,2,4,2
155,"DJALMA PAES","PSB","PE",2,2,1,1,1,2,1,2,2,4,4,2,2,2,1,2,1,1,4,1
624,"DOLORES NUNES","PMDB","TO",1,1,1,1,2,1,NA,NA,NA,NA,NA,NA,NA,NA,NA,NA,NA,NA,NA,NA
134,"DOMICIANO CABRAL","PSDB","PB",1,1,2,1,2,1,2,4,1,4,4,4,1,2,4,4,4,4,4,2
620,"DR  ANTONIO CRUZ","PMDB","MS",2,2,2,1,2,1,1,2,2,1,1,1,2,2,1,2,1,2,4,2
12,"DR  BENEDITO DIAS","PPB","AP",1,1,1,1,2,4,2,1,1,2,2,1,1,2,1,1,4,2,4,2
356,"DR  EVILASIO","PSB","SP",NA,NA,NA,NA,NA,NA,1,2,2,1,5,2,2,2,1,2,1,1,5,1
625,"DR  GOMES","PFL","AM",1,4,1,1,2,1,NA,NA,NA,NA,NA,NA,NA,NA,NA,NA,NA,NA,NA,NA
294,"DR  HELENO","PSDB","RJ",1,1,2,1,2,1,2,1,1,2,2,4,1,4,1,1,4,2,4,2
358,"DR  HELIO","PDT","SP",2,1,1,2,1,2,1,2,2,1,5,1,2,1,1,2,1,2,5,1
449,"DR  ROSINHA","PT","PR",1,1,1,1,1,2,4,4,4,4,4,4,2,2,1,2,1,4,4,1
349,"DUILIO PISANESCHI","PTB","SP",1,1,2,1,2,1,2,1,1,4,4,1,4,4,2,1,1,2,4,2
301,"EBER SILVA","PST","RJ",4,4,2,1,2,1,1,2,2,2,4,4,4,4,4,4,4,4,4,4
470,"EDINHO BEZ","PMDB","SC",1,1,1,1,2,1,2,1,1,4,2,1,1,4,1,1,1,2,4,2
578,"EDIR OLIVEIRA","PTB","RS",1,1,1,1,2,1,2,1,1,2,2,4,1,2,2,2,1,4,4,1
471,"EDISON ANDRINO","PMDB","SC",1,1,1,1,4,2,2,1,1,2,4,1,2,1,1,2,1,1,4,4
231,"EDMAR MOREIRA","PPB","MG",1,1,4,1,2,1,2,1,1,4,4,1,1,4,1,1,1,4,4,2
623,"EDMUNDO GALDINO","PSDB","TO",1,1,1,1,2,1,NA,NA,NA,NA,NA,NA,NA,NA,NA,NA,NA,NA,NA,NA
230,"EDUARDO BARBOSA","PSDB","MG",1,1,2,1,2,1,4,4,4,4,4,1,1,2,1,1,1,2,4,2
140,"EDUARDO CAMPOS","PSB","PE",2,2,1,1,1,2,1,2,2,5,5,2,2,5,1,2,1,1,4,4
307,"EDUARDO PAES","PFL","RJ",NA,NA,NA,NA,NA,NA,2,1,4,4,4,4,1,2,1,1,4,1,4,2
14,"EDUARDO SEABRA","PTB","AP",1,1,2,1,2,1,2,1,1,2,2,1,1,2,2,2,1,2,4,1
131,"EFRAIM MORAIS","PFL","PB",1,4,2,4,2,1,1,1,1,2,2,1,1,4,1,1,1,2,4,2
22,"ELCIONE BARBALHO","PMDB","PA",1,1,4,1,2,1,1,2,1,2,2,1,1,2,1,1,1,1,4,2
612,"ELIAS MURAD","PSDB","MG",1,1,2,1,2,1,NA,NA,NA,NA,NA,NA,NA,NA,NA,NA,NA,NA,NA,NA
73,"ELISEU MOURA","PPB","MA",1,1,2,1,1,1,4,4,4,4,4,4,1,4,1,1,1,2,4,4
232,"ELISEU RESENDE","PFL","MG",1,1,2,4,2,1,2,1,1,2,2,4,1,4,1,1,4,2,4,2
353,"EMERSON KAPAZ","PPS","SP",1,1,1,1,1,1,2,2,2,2,4,1,2,1,1,1,1,1,4,1
477,"ENI VOLTOLINI","PPB","SC",1,4,1,4,4,4,2,1,4,2,2,1,1,2,1,1,1,2,5,4
493,"ENIO BACCI","PDT","RS",2,4,1,2,1,2,4,4,4,4,4,4,4,4,4,4,4,4,4,4
132,"ENIVALDO RIBEIRO","PPB","PB",1,4,2,4,2,1,2,1,4,2,2,1,1,2,1,1,1,2,4,2
189,"ERALDO TINOCO","PFL","BA",NA,NA,NA,NA,NA,NA,2,1,1,1,2,1,4,2,1,1,1,1,4,1
532,"ESTHER GROSSI","PT","RS",1,1,1,1,1,2,4,2,2,1,5,1,2,2,4,4,4,1,4,1
190,"EUJACIO SIMOES","PL","BA",1,1,1,1,4,1,2,1,1,2,4,4,1,2,4,1,1,4,4,1
415,"EULER MORAIS","PMDB","GO",2,2,1,1,1,2,2,5,5,2,2,1,1,2,1,2,1,2,4,2
563,"EULER RIBEIRO","PFL","AM",1,1,1,1,2,1,NA,NA,NA,NA,NA,NA,NA,NA,NA,NA,NA,NA,NA,NA
95,"EUNICIO OLIVEIRA","PMDB","CE",4,1,2,1,2,2,4,1,1,2,2,4,1,2,4,1,1,2,4,2
295,"EURICO MIRANDA","PPB","RJ",4,4,2,2,2,1,2,1,1,2,4,1,1,2,1,1,1,4,4,2
47,"EURIPEDES MIRANDA","PDT","RO",2,2,1,2,1,2,2,2,2,4,4,1,2,1,4,4,4,3,4,1
15,"EVANDRO MILHOMEN","PSB","AP",2,2,1,1,1,2,1,2,2,4,4,4,2,5,1,2,1,4,4,1
48,"EXPEDITO JUNIOR","PSDB","RO",4,4,2,1,2,1,2,1,4,2,2,1,1,2,4,4,4,2,4,2
590,"EZIDIO PINHEIRO","PSB","RS",2,2,1,1,4,2,3,2,2,1,4,2,4,4,1,2,1,1,4,1
11,"FATIMA PELAES","PSDB","AP",1,4,4,4,4,4,4,4,4,2,2,4,1,2,1,1,1,2,4,4
191,"FELIX MENDONCA","PTB","BA",1,1,2,1,2,1,2,1,1,1,2,1,1,2,2,1,4,4,4,1
478,"FERNANDO CORUJA","PDT","SC",2,1,1,2,1,2,1,2,2,1,5,1,2,1,1,2,1,2,5,1
233,"FERNANDO DINIZ","PMDB","MG",1,1,1,1,2,1,2,1,1,2,4,1,1,2,1,1,4,2,4,2
141,"FERNANDO FERRO","PT","PE",1,1,1,1,1,2,1,2,2,5,5,1,2,2,1,2,1,1,4,4
296,"FERNANDO GABEIRA","PT","RJ",1,1,1,1,1,2,4,4,2,4,4,1,2,4,1,2,1,4,4,1
297,"FERNANDO GONCALVES","PTB","RJ",1,1,2,1,2,1,2,1,1,2,2,4,1,2,2,2,1,2,4,1
354,"FERNANDO ZUPPO","PSDC","SP",2,2,1,1,1,1,2,2,2,2,1,1,2,1,1,1,1,2,4,1
496,"FETTER JUNIOR","PPB","RS",1,1,2,1,1,1,4,1,1,2,2,1,1,2,1,1,1,2,4,1
274,"FEU ROSA","PSDB","ES",1,1,4,4,4,4,2,1,1,2,2,4,1,2,1,1,1,4,5,2
514,"FIORAVANTE","PT","RS",1,1,1,1,1,1,1,4,4,4,4,1,2,2,1,1,1,1,4,1
447,"FLAVIO ARNS","PT","PR",1,1,1,1,1,2,1,2,2,1,5,4,2,2,1,2,1,1,4,1
74,"FRANCISCO COELHO","PFL","MA",4,4,4,1,2,1,2,1,4,4,4,4,4,4,1,1,4,4,4,4
299,"FRANCISCO DORNELLES","PPB","RJ",NA,NA,NA,NA,NA,NA,4,4,4,4,4,4,4,4,1,1,1,2,4,4
36,"FRANCISCO GARCIA","PFL","AM",1,1,2,1,2,1,2,1,1,4,4,4,1,2,4,1,1,2,4,4
3,"FRANCISCO RODRIGUES","PFL","RR",4,4,4,4,4,4,2,4,1,2,2,4,1,2,1,1,4,2,4,4
300,"FRANCISCO SILVA","PST","RJ",NA,NA,NA,NA,NA,NA,3,1,1,4,NA,NA,NA,NA,NA,NA,NA,NA,NA,NA
181,"FRANCISTONIO PINTO","PFL","BA",1,1,2,1,2,1,2,1,1,2,2,1,1,2,1,1,1,2,4,2
63,"FREIRE JUNIOR","PMDB","TO",1,1,1,1,4,4,2,1,1,2,4,4,1,2,4,1,1,4,4,4
75,"GASTAO VIEIRA","PMDB","MA",2,2,1,1,2,1,2,2,1,4,2,1,1,2,1,1,1,2,4,2
193,"GEDDEL VIEIRA LIMA","PMDB","BA",4,1,2,1,2,1,2,4,1,4,4,4,4,2,1,1,4,4,4,4
628,"GENESIO BERNARDINO","PMDB","MG",NA,NA,NA,NA,NA,NA,2,1,1,2,2,4,1,4,1,1,1,2,4,2
417,"GEOVAN FREITAS","PMDB","GO",2,2,1,1,1,2,2,4,4,1,5,1,2,4,2,2,1,4,4,4
408,"GERALDO MAGELA","PT","DF",4,4,1,1,1,2,1,2,2,4,5,1,4,4,1,2,1,1,4,1
497,"GERMANO RIGOTTO","PMDB","RS",4,2,1,1,1,1,2,3,2,2,4,1,1,2,1,1,1,4,4,4
185,"GERSON GABRIELLI","PFL","BA",4,4,4,4,2,1,2,4,1,4,4,4,1,2,4,4,4,4,4,4
23,"GERSON PERES","PPB","PA",1,1,2,1,2,1,2,1,1,4,4,1,1,2,1,1,1,2,4,2
479,"GERVASIO SILVA","PFL","SC",1,1,4,4,4,1,2,4,4,2,2,4,1,2,1,1,1,2,4,2
555,"GESSIVALDO ISAIAS","PMDB","PI",NA,NA,NA,NA,NA,NA,2,1,1,2,2,4,1,2,1,1,1,2,4,2
357,"GILBERTO KASSAB","PFL","SP",1,1,2,1,2,1,2,1,4,4,2,1,4,2,1,1,1,2,4,2
234,"GILMAR MACHADO","PT","MG",1,1,1,1,1,2,1,2,2,1,5,1,2,2,1,2,1,1,4,1
25,"GIOVANNI QUEIROZ","PDT","PA",2,1,1,2,1,4,2,2,2,1,5,4,2,4,1,2,1,2,4,1
166,"GIVALDO CARIMBAO","PSB","AL",2,2,4,1,1,2,1,2,2,1,1,4,2,1,4,4,4,1,4,4
236,"GLYCON TERRA PINTO","PMDB","MG",1,1,4,1,4,1,2,1,1,2,2,4,4,4,1,1,4,4,4,4
143,"GONZAGA PATRIOTA","PSB","PE",2,2,1,4,1,4,4,4,4,4,4,4,2,1,1,2,4,1,4,1
450,"GUSTAVO FRUET","PMDB","PR",1,1,1,1,2,1,2,1,1,2,2,1,1,2,1,1,1,1,4,1
613,"HAROLDO BEZERRA","PSDB","PA",1,4,4,4,2,1,NA,NA,NA,NA,NA,NA,NA,NA,NA,NA,NA,NA,NA,NA
194,"HAROLDO LIMA","PCdoB","BA",2,2,1,1,1,2,1,2,2,4,4,2,2,5,1,2,1,1,4,4
549,"HELENILDO RIBEIRO","PSDB","AL",1,1,2,1,2,1,2,1,1,2,2,1,1,4,1,1,1,2,4,2
237,"HELIO COSTA","PMDB","MG",4,4,1,1,1,2,4,4,4,4,4,4,1,2,1,1,1,4,4,1
123,"HENRIQUE EDUARDO ALVES","PMDB","RN",4,1,2,1,4,4,4,1,1,4,4,4,4,2,1,4,4,2,4,4
498,"HENRIQUE FONTANA","PT","RS",1,1,1,1,1,2,1,2,2,1,4,1,2,4,1,2,1,1,4,1
114,"HERACLITO FORTES","PFL","PI",1,1,2,4,2,1,4,1,1,2,2,1,4,2,1,1,1,2,4,4
235,"HERCULANO ANGHINETTI","PPB","MG",1,1,2,4,2,1,4,1,1,2,2,4,4,4,4,4,4,4,4,4
448,"HERMES PARCIANELLO","PMDB","PR",1,1,2,1,2,1,2,4,1,2,2,4,4,4,1,1,1,2,4,2
472,"HUGO BIEHL","PPB","SC",4,4,1,1,2,1,4,4,4,4,4,1,1,2,1,1,1,2,4,2
360,"IARA BERNARDI","PT","SP",1,1,1,1,1,2,1,2,2,1,5,1,2,2,1,2,1,1,4,1
124,"IBERE FERREIRA","PTB","RN",1,4,2,1,2,1,4,1,4,4,4,1,1,4,1,1,4,2,4,1
238,"IBRAHIM ABI ACKEL","PPB","MG",1,1,2,1,2,1,2,1,1,2,4,1,1,2,1,1,1,2,4,2
308,"IEDIO ROSA","PFL","RJ",1,1,1,1,2,1,4,1,1,4,4,2,1,4,1,1,1,2,4,2
62,"IGOR AVELINO","PMDB","TO",1,1,4,1,2,1,4,4,4,4,4,1,1,4,1,4,4,1,4,4
53,"ILDEFONCO CORDEIRO","PSDB","AC",1,1,2,1,2,1,2,1,1,4,4,1,1,2,1,1,1,2,5,2
94,"INACIO ARRUDA","PCdoB","CE",2,2,1,1,4,2,1,2,4,1,5,4,2,1,1,2,1,1,4,1
135,"INALDO LEITAO","PSDB","PB",1,4,2,1,2,1,2,1,1,2,2,4,1,2,1,1,1,1,4,2
145,"INOCENCIO OLIVEIRA","PFL","PE",1,1,2,1,2,1,2,1,1,2,2,1,1,2,1,1,1,2,4,2
455,"IRIS SIMOES","PTB","PR",1,1,1,4,2,1,2,1,1,2,2,1,1,2,2,1,4,4,5,1
581,"ITAMAR SERPA","PSDB","RJ",4,4,4,1,4,4,2,1,1,2,2,4,1,4,4,1,1,2,4,4
174,"IVAN PAIXAO","PPS","SE",2,1,1,1,1,1,2,2,2,2,5,1,2,1,1,1,1,1,4,4
188,"JAIME FERNANDES","PFL","BA",1,1,1,1,2,1,2,1,1,2,2,1,1,2,1,1,1,2,4,2
240,"JAIME MARTINS","PFL","MG",1,1,1,1,2,1,2,1,1,2,2,4,1,2,1,1,4,1,4,2
302,"JAIR BOLSONARO","PPB","RJ",2,2,1,2,1,2,1,2,2,3,1,2,2,1,2,2,1,2,5,1
359,"JAIR MENEGUELLI","PT","SP",1,1,1,1,1,2,1,2,4,1,1,4,4,4,1,2,1,1,4,1
196,"JAIRO CARNEIRO","PFL","BA",1,1,2,1,2,1,1,1,1,4,4,1,1,2,1,1,1,2,4,2
303,"JANDIRA FEGHALI","PCdoB","RJ",4,4,4,4,4,4,4,4,4,4,4,4,4,4,4,4,4,4,4,1
197,"JAQUES WAGNER","PT","BA",1,1,1,1,1,2,1,4,4,4,4,4,4,2,4,2,1,4,4,1
198,"JOAO ALMEIDA","PSDB","BA",1,1,2,1,2,1,2,1,1,2,2,1,1,2,1,1,1,2,4,2
167,"JOAO CALDAS","PL","AL",3,3,4,1,1,2,1,2,2,4,2,1,1,4,4,4,4,4,4,1
585,"JOAO CARLOS BACELAR","PFL","BA",1,1,4,4,4,4,4,4,4,4,2,4,4,4,1,1,4,2,4,2
72,"JOAO CASTELO","PSDB","MA",1,1,2,1,2,1,2,1,1,2,2,1,1,2,1,1,1,2,4,2
146,"JOAO COLACO","PSDB","PE",4,4,2,1,2,1,2,1,1,2,2,4,1,2,1,1,1,4,4,4
275,"JOAO COSER","PT","ES",1,1,1,1,4,2,1,2,2,1,5,1,5,2,1,2,1,1,4,1
591,"JOAO EDUARDO DADO","PDT","SP",2,2,1,2,1,2,1,2,2,1,5,1,2,1,2,2,1,2,4,1
433,"JOAO GRANDAO","PT","MS",1,4,1,1,1,2,4,2,2,1,5,1,4,4,1,2,1,1,4,4
115,"JOAO HENRIQUE","PMDB","PI",1,4,2,1,2,1,NA,NA,NA,NA,NA,NA,NA,NA,NA,NA,NA,NA,NA,NA
364,"JOAO HERRMANN NETO","PPS","SP",1,1,1,1,1,1,2,2,2,4,2,4,2,4,1,1,1,1,4,1
199,"JOAO LEAO","PPB","BA",1,1,2,1,2,1,2,1,1,2,4,1,1,4,1,1,4,4,4,2
239,"JOAO MAGALHAES","PMDB","MG",4,4,2,1,4,1,4,1,4,2,1,4,1,2,1,1,4,1,4,2
534,"JOAO MAGNO","PT","MG",1,1,1,1,1,2,5,2,2,5,1,1,2,2,1,2,1,1,4,1
473,"JOAO MATOS","PMDB","SC",1,1,1,1,2,1,2,1,1,2,2,4,1,2,1,1,1,2,4,4
304,"JOAO MENDES","PFL","RJ",1,1,2,1,2,4,2,4,5,2,4,2,1,2,1,1,1,1,4,2
361,"JOAO PAULO","PT","SP",1,1,1,4,1,2,1,2,2,1,5,1,4,2,1,2,1,1,4,1
474,"JOAO PIZZOLATTI","PPB","SC",4,4,1,1,2,1,2,1,1,2,2,4,1,2,1,1,4,2,4,2
64,"JOAO RIBEIRO","PFL","TO",NA,NA,NA,NA,NA,NA,2,1,1,2,2,1,1,2,1,1,1,2,4,2
309,"JOAO SAMPAIO","PDT","RJ",2,1,1,2,1,2,1,2,2,1,5,1,2,1,1,2,1,2,4,1
54,"JOAO TOTA","PPB","AC",1,1,2,1,2,1,2,1,4,4,4,1,1,4,1,1,1,2,4,2
156,"JOAQUIM FRANCISCO","PFL","PE",1,1,2,1,2,4,4,4,4,4,4,1,1,2,1,1,1,1,4,4
538,"JOEL DE HOLLANDA","PFL","PE",4,4,2,1,2,1,2,1,1,2,2,4,1,2,1,1,1,2,4,2
411,"JOFRAN FREJAT","PPB","DF",NA,NA,NA,NA,NA,NA,2,3,3,2,4,1,1,2,1,4,1,2,5,1
192,"JONIVAL LUCAS JUNIOR","PMDB","BA",1,1,2,4,2,1,2,1,1,2,2,1,1,2,1,1,1,2,4,2
175,"JORGE ALBERTO","PMDB","SE",1,1,2,1,2,1,2,1,2,2,2,1,1,2,1,1,1,2,4,4
310,"JORGE BITTAR","PT","RJ",1,1,1,1,1,2,1,2,2,1,5,1,2,2,1,2,1,1,4,1
201,"JORGE KHOURY","PFL","BA",1,1,2,1,2,1,2,1,1,2,4,1,1,2,1,1,4,1,4,2
526,"JORGE PINHEIRO","PMDB","DF",1,1,2,1,2,1,NA,NA,NA,NA,NA,NA,NA,NA,NA,NA,NA,NA,NA,NA
362,"JORGE TADEU MUDALEN","PMDB","SP",1,1,2,1,2,1,2,2,2,4,4,1,1,2,1,1,1,2,4,1
305,"JORGE WILSON","PSDB","RJ",1,1,2,1,2,1,2,4,1,4,4,1,4,2,1,1,1,2,4,4
557,"JOSE ALEKSANDRO","PSL","AC",4,4,4,4,4,4,4,4,4,4,4,4,4,4,1,4,4,4,4,1
363,"JOSE ANIBAL","PSDB","SP",4,4,2,4,4,4,2,1,1,2,2,1,4,4,1,4,4,2,4,4
76,"JOSE ANTONIO ALMEIDA","PSB","MA",2,2,1,1,1,2,2,2,2,4,5,2,2,5,1,2,1,1,5,1
451,"JOSE BORBA","PMDB","PR",4,1,2,1,2,1,4,1,1,4,2,1,1,4,1,1,1,2,4,2
202,"JOSE CARLOS ALELUIA","PFL","BA",4,1,4,4,4,4,2,1,1,2,2,1,1,2,1,1,1,2,4,2
306,"JOSE CARLOS COUTINHO","PFL","RJ",NA,NA,NA,NA,NA,NA,4,4,4,4,4,4,4,4,4,1,4,1,4,2
276,"JOSE CARLOS ELIAS","PTB","ES",1,1,2,1,2,1,2,1,1,4,4,1,1,2,2,1,1,1,4,1
273,"JOSE CARLOS FONSECA JR ","PFL","ES",1,1,2,1,2,1,2,1,1,2,2,1,1,4,1,1,1,2,4,2
457,"JOSE CARLOS MARTINEZ","PTB","PR",1,1,2,1,1,1,2,1,1,2,2,1,4,2,2,2,1,2,4,1
147,"JOSE CHAVES","PMDB","PE",1,1,2,1,4,1,4,4,4,4,2,4,1,2,1,1,1,2,4,2
366,"JOSE DE ABREU","PTN","SP",4,2,4,4,4,4,2,2,2,1,1,4,2,4,4,4,4,1,4,2
365,"JOSE DIRCEU","PT","SP",4,4,1,1,1,2,1,2,2,1,1,4,4,2,4,4,4,1,4,1
577,"JOSE EGYDIO","PFL","RJ",4,4,1,1,4,4,NA,NA,NA,NA,NA,NA,NA,NA,NA,NA,NA,NA,NA,NA
367,"JOSE GENOINO","PT","SP",1,1,1,1,1,2,1,2,2,1,4,1,2,2,1,2,1,1,4,1
452,"JOSE JANENE","PPB","PR",4,4,1,1,4,4,2,4,1,2,4,1,1,2,1,1,4,4,4,2
96,"JOSE LINHARES","PPB","CE",1,1,2,1,2,1,2,1,1,2,2,4,1,2,1,1,4,2,4,2
200,"JOSE LOURENCO","PMDB","BA",1,4,2,1,2,1,4,4,4,4,4,4,4,4,1,1,4,4,4,4
41,"JOSE MELO","PFL","AM",NA,NA,NA,NA,NA,NA,4,4,4,4,4,1,1,2,4,4,4,4,4,4
149,"JOSE MENDONCA BEZERRA","PFL","PE",4,4,2,1,2,1,4,4,4,4,4,1,1,2,1,1,4,2,4,2
241,"JOSE MILITAO","PTB","MG",1,1,2,1,1,2,2,1,4,4,4,1,1,2,2,1,1,2,4,1
150,"JOSE MUCIO MONTEIRO","PSDB","PE",1,1,4,4,2,1,2,1,1,2,2,1,4,4,1,1,1,2,5,2
97,"JOSE PIMENTEL","PT","CE",1,1,1,1,1,2,1,2,2,1,4,1,4,4,1,2,1,1,2,1
27,"JOSE PRIANTE","PMDB","PA",4,4,4,1,2,4,2,4,4,2,4,4,1,2,4,4,1,1,4,4
391,"JOSE ROBERTO BATOCHIO","PDT","SP",2,1,1,2,1,2,5,2,2,5,4,4,2,1,1,2,1,1,5,2
203,"JOSE ROCHA","PFL","BA",1,1,1,1,2,1,2,1,1,2,4,1,1,2,1,1,1,1,5,2
178,"JOSE TELES","PSDB","SE",4,4,2,1,2,1,4,4,4,4,4,1,1,2,1,1,1,2,4,4
169,"JOSE THOMAZ NONO","PFL","AL",1,1,2,3,2,2,4,1,1,2,2,4,1,2,1,2,1,2,4,2
29,"JOSUE BENGTSON","PTB","PA",1,1,1,1,2,1,1,2,2,4,4,4,1,2,2,1,1,2,4,1
419,"JOVAIR ARANTES","PSDB","GO",4,4,4,1,2,1,2,2,2,4,5,2,5,4,1,2,1,2,1,2
499,"JULIO REDECKER","PPB","RS",1,1,1,1,1,1,4,4,4,4,4,4,1,2,1,1,1,2,4,4
369,"JULIO SEMEGHINI","PSDB","SP",1,1,2,1,2,1,2,1,1,4,2,1,1,2,1,1,4,2,4,2
418,"JUQUINHA","PL","GO",1,1,1,1,2,1,2,1,1,2,2,1,5,2,1,2,4,2,4,2
17,"JURANDIL JUAREZ","PMDB","AP",2,2,1,1,2,2,2,1,1,4,4,1,1,2,2,2,1,4,4,1
206,"JUTAHY JUNIOR","PSDB","BA",1,1,2,1,2,1,2,1,1,2,2,1,1,4,1,1,1,2,4,2
564,"KATIA ABREU","PFL","TO",1,1,1,1,4,4,NA,NA,NA,NA,NA,NA,NA,NA,NA,NA,NA,NA,NA,NA
605,"KINCAS MATTOS","PSB","SP",2,2,1,1,1,2,NA,NA,NA,NA,NA,NA,NA,NA,NA,NA,NA,NA,NA,NA
245,"LAEL VARELLA","PFL","MG",4,4,2,1,2,1,2,1,1,4,4,4,1,2,1,1,1,2,4,2
125,"LAIRE ROSADO","PMDB","RN",1,1,2,1,2,1,4,1,4,2,2,1,4,2,1,1,1,2,4,4
370,"LAMARTINE POSELLA","PMDB","SP",2,2,4,4,4,4,4,4,4,4,4,4,1,4,4,4,4,4,4,4
311,"LAURA CARNEIRO","PFL","RJ",1,1,1,1,2,1,4,1,1,2,2,4,4,4,2,1,4,2,5,2
121,"LAVOISIER MAIA","PFL","RN",1,1,2,1,2,1,4,2,4,2,2,1,1,4,1,1,1,2,4,2
98,"LEO ALCANTARA","PSDB","CE",1,1,2,1,2,1,2,1,1,2,4,1,1,2,1,1,1,2,4,4
480,"LEODEGAR TISCOSKI","PPB","SC",NA,NA,NA,NA,NA,NA,2,1,1,2,4,1,1,2,1,1,1,2,4,4
204,"LEUR LOMANTO","PMDB","BA",1,1,2,4,2,1,2,1,1,2,2,1,1,2,1,1,4,2,4,2
420,"LIDIA QUINAN","PSDB","GO",4,4,2,1,2,1,2,1,1,2,2,1,1,2,1,2,1,2,4,2
243,"LINCOLN PORTELA","PSL","MG",2,2,1,1,1,1,4,2,2,2,2,4,2,2,1,1,1,1,4,1
401,"LINO ROSSI","PSDB","MT",4,4,4,4,4,4,2,1,4,2,2,1,1,2,1,1,1,4,4,4
481,"LUCI CHOINACKI","PT","SC",1,1,1,1,1,2,4,2,2,4,4,1,4,4,1,2,1,1,4,1
421,"LUCIA VANIA","PSDB","GO",4,4,2,1,2,1,2,1,1,2,2,4,3,4,4,4,4,4,4,2
157,"LUCIANO BIVAR","PSL","PE",2,4,2,1,1,4,4,4,4,4,4,4,4,4,4,4,4,4,4,4
4,"LUCIANO CASTRO","PFL","RR",1,1,2,1,2,1,2,1,1,4,4,4,1,2,1,1,1,2,4,4
453,"LUCIANO PIZZATTO","PFL","PR",1,1,3,1,4,4,2,1,1,4,4,1,4,4,4,4,4,4,4,2
608,"LUCIANO ZICA","PT","SP",1,1,1,1,1,2,1,2,2,1,5,1,5,2,1,2,1,1,5,1
5,"LUIS BARBOSA","PFL","RR",4,4,2,1,2,1,2,1,1,2,2,4,1,2,1,1,1,2,4,4
500,"LUIS CARLOS HEINZE","PPB","RS",1,1,4,4,2,1,2,1,1,2,4,4,1,4,1,1,1,2,4,4
312,"LUISINHO","PPB","RJ",4,4,2,1,2,1,4,4,4,4,4,1,1,2,1,1,1,2,4,4
603,"LUIZ ALBERTO","PT","BA",1,1,1,1,1,2,1,2,2,1,5,1,4,4,1,2,1,1,4,4
341,"LUIZ ANTONIO FLEURY","PTB","SP",2,2,1,1,1,1,2,2,2,2,2,4,2,2,2,1,1,2,5,1
422,"LUIZ BITTENCOURT","PMDB","GO",2,2,1,1,1,2,4,4,4,4,4,4,2,2,2,2,1,4,5,4
454,"LUIZ CARLOS HAULY","PSDB","PR",1,1,1,2,2,1,2,1,1,2,2,1,1,2,1,1,1,2,4,2
170,"LUIZ DANTAS","PTB","AL",1,1,2,1,2,1,4,1,1,2,2,1,4,4,4,4,4,4,4,1
602,"LUIZ EDUARDO GREENHALGH","PT","SP",4,4,4,1,1,2,1,5,2,1,1,4,2,2,1,2,1,1,4,1
42,"LUIZ FERNANDO","PPB","AM",1,1,2,1,2,1,4,4,4,4,4,4,1,4,1,1,1,2,4,4
207,"LUIZ MOREIRA","PFL","BA",1,1,2,1,2,1,2,1,1,2,2,1,1,2,1,1,1,1,4,2
151,"LUIZ PIAUHYLINO","PSDB","PE",1,1,2,1,2,1,2,1,1,2,2,1,1,2,1,1,1,2,4,2
298,"LUIZ RIBEIRO","PSDB","RJ",1,1,2,1,2,1,2,3,3,2,2,4,1,2,1,1,1,2,4,2
313,"LUIZ SERGIO","PT","RJ",1,1,1,1,1,2,1,2,2,4,4,1,2,2,1,2,1,1,4,1
371,"LUIZA ERUNDINA","PSB","SP",2,2,1,1,1,2,1,2,2,1,4,1,2,1,1,2,1,1,4,1
277,"MAGNO MALTA","PL","ES",4,4,1,1,1,2,1,2,2,4,2,4,2,4,4,4,4,4,4,4
100,"MANOEL SALVIANO","PSDB","CE",1,4,2,1,2,4,4,4,4,4,4,4,1,4,1,1,1,2,4,4
584,"MANOEL VITORIO","PT","MS",4,4,1,1,1,2,NA,NA,NA,NA,NA,NA,NA,NA,NA,NA,NA,NA,NA,NA
435,"MARCAL FILHO","PMDB","MS",1,1,2,1,2,1,2,2,2,2,2,1,1,1,1,1,1,1,5,2
376,"MARCELO BARBIERI","PMDB","SP",2,2,1,1,4,1,1,4,4,4,4,4,4,4,1,1,1,1,4,1
110,"MARCELO CASTRO","PMDB","PI",1,1,2,4,2,1,4,1,1,2,4,1,1,1,1,1,1,2,4,2
99,"MARCELO TEIXEIRA","PMDB","CE",1,1,2,1,2,1,2,1,1,2,4,4,1,4,1,1,4,2,4,2
55,"MARCIO BITTAR","PPS","AC",2,2,1,1,1,1,2,2,2,2,4,1,2,1,4,4,4,2,4,4
315,"MARCIO FORTES","PSDB","RJ",4,4,4,1,2,1,2,1,1,2,2,1,4,4,4,4,4,2,4,2
461,"MARCIO MATOS","PTB","PR",1,1,2,1,2,1,2,2,1,2,2,1,1,2,2,2,1,2,4,1
247,"MARCIO REINALDO MOREIRA","PPB","MG",1,1,2,1,2,1,2,1,1,2,4,1,1,2,2,1,1,2,4,2
136,"MARCONDES GADELHA","PFL","PB",4,4,4,4,2,4,4,1,1,4,2,1,4,4,4,4,4,2,4,4
56,"MARCOS AFONSO","PT","AC",1,1,4,4,4,4,1,2,2,4,5,4,2,2,4,4,4,4,4,4
372,"MARCOS CINTRA","PFL","SP",4,4,1,1,2,1,2,1,1,2,2,1,1,2,2,1,1,2,5,2
161,"MARCOS DE JESUS","PL","PE",4,4,4,1,1,1,1,2,4,2,2,4,2,2,4,4,4,4,4,4
524,"MARCOS LIMA","PMDB","MG",2,2,1,1,1,1,1,2,2,1,1,4,1,2,1,1,1,1,4,1
501,"MARCOS ROLIM","PT","RS",1,1,4,1,1,2,1,2,2,4,4,4,2,2,1,2,1,1,4,1
278,"MARCUS VICENTE","PPB","ES",4,4,4,1,2,1,2,1,1,4,4,1,1,2,1,1,4,4,4,2
409,"MARIA ABADIA","PSDB","DF",NA,NA,NA,NA,NA,NA,2,1,1,2,2,1,1,2,1,1,1,2,4,2
244,"MARIA DO CARMO LARA","PT","MG",1,1,4,1,1,2,1,2,2,1,5,1,2,2,1,2,1,1,4,1
249,"MARIA ELVIRA","PMDB","MG",4,4,4,4,4,4,NA,NA,NA,NA,NA,NA,NA,NA,NA,NA,NA,NA,NA,NA
246,"MARIA LUCIA","PMDB","MG",4,4,4,4,4,4,4,1,4,4,2,4,1,4,1,1,1,1,4,4
50,"MARINHA RAUPP","PMDB","RO",4,4,4,1,4,1,4,2,2,2,2,1,1,4,1,1,1,4,4,4
567,"MARIO ASSAD JUNIOR","PL","MG",1,1,2,1,2,1,2,2,2,2,2,1,1,2,1,1,1,1,5,1
250,"MARIO DE OLIVEIRA","PST","MG",1,1,1,1,2,1,2,1,1,4,4,1,1,2,4,4,4,2,4,4
210,"MARIO NEGROMONTE","PPB","BA",1,1,2,1,2,1,2,1,1,2,4,4,1,4,1,1,4,2,4,2
436,"MARISA SERRANO","PSDB","MS",1,1,2,1,2,1,2,4,4,2,2,1,1,2,1,1,1,2,5,2
314,"MATTOS NASCIMENTO","PST","RJ",NA,NA,NA,NA,NA,NA,4,4,4,4,4,1,4,4,4,4,4,4,4,4
600,"MAURILIO FERREIRA LIMA","PMDB","PE",1,1,2,1,2,1,2,1,1,2,2,1,1,1,NA,NA,NA,NA,NA,NA
559,"MAURO BENEVIDES","PMDB","CE",1,1,2,1,2,1,2,1,1,2,2,NA,NA,NA,NA,NA,NA,NA,NA,NA
81,"MAURO FECURY","PFL","MA",4,4,2,1,2,1,4,4,4,4,4,1,1,4,1,1,1,1,4,4
252,"MAURO LOPES","PMDB","MG",1,1,2,1,2,1,4,1,1,2,2,4,1,4,1,1,1,4,4,2
281,"MAX MAURO","PTB","ES",2,2,1,1,1,2,4,4,4,4,4,1,2,2,2,2,1,4,4,4
456,"MAX ROSENMANN","PMDB","PR",4,4,1,1,1,1,2,4,1,4,2,4,4,4,1,1,1,2,4,4
373,"MEDEIROS","PL","SP",1,1,1,1,1,1,1,2,4,2,4,2,2,2,4,1,1,1,4,1
504,"MENDES RIBEIRO FILHO","PMDB","RS",4,1,1,1,1,1,2,1,2,4,4,4,1,4,1,1,1,2,4,4
552,"MENDES THAME","PSDB","SP",1,1,4,1,2,1,2,1,1,2,2,4,1,4,1,1,1,2,4,NA
380,"MICHEL TEMER","PMDB","SP",1,4,2,4,2,1,2,1,4,2,4,4,4,4,1,1,1,4,4,4
586,"MILTON BARBOSA","PFL","BA",1,1,1,1,2,1,NA,NA,NA,NA,NA,NA,NA,NA,NA,NA,NA,NA,NA,NA
374,"MILTON MONTI","PMDB","SP",1,1,2,1,2,1,2,1,1,2,2,4,1,2,1,1,1,2,4,4
316,"MILTON TEMER","PT","RJ",1,1,1,2,1,2,4,4,4,4,4,1,2,2,1,2,4,1,2,1
318,"MIRIAM REID","PSB","RJ",4,2,1,1,1,2,1,2,2,4,1,4,2,1,1,2,1,1,4,1
317,"MIRO TEIXEIRA","PDT","RJ",2,1,1,2,1,2,1,2,2,1,5,1,2,1,1,2,1,2,4,1
462,"MOACIR MICHELETTO","PMDB","PR",1,1,1,1,2,1,2,1,1,4,4,1,4,2,1,1,1,1,4,2
377,"MOREIRA FERREIRA","PFL","SP",1,1,2,1,2,1,2,1,1,2,2,4,1,4,1,1,1,2,4,4
101,"MORONI TORGAN","PFL","CE",1,1,4,1,2,1,2,2,2,4,2,4,3,2,4,4,4,1,4,1
122,"MUCIO SA","PTB","RN",4,4,4,4,2,1,4,4,4,4,4,1,1,4,1,1,4,2,4,4
402,"MURILO DOMINGOS","PTB","MT",1,1,2,1,2,1,2,1,1,2,2,4,1,4,2,2,4,1,5,4
117,"MUSSA DEMES","PFL","PI",2,1,4,4,4,4,2,1,4,2,2,1,1,2,1,1,1,1,4,2
24,"NAIR XAVIER LOBO","PMDB","GO",1,1,4,1,4,4,2,3,3,2,2,4,4,4,4,4,1,4,4,4
248,"NARCIO RODRIGUES","PSDB","MG",1,1,2,1,2,1,2,1,4,2,2,1,1,4,1,1,4,4,4,2
77,"NEIVA MOREIRA","PDT","MA",2,1,1,2,1,2,1,2,2,4,4,4,2,1,1,2,1,2,4,1
378,"NELO RODOLFO","PMDB","SP",1,1,2,1,2,1,1,2,2,2,2,1,1,2,1,1,4,4,5,4
381,"NELSON MARQUEZELLI","PTB","SP",4,4,1,4,2,1,2,1,1,2,2,1,1,1,2,2,1,4,4,4
458,"NELSON MEURER","PPB","PR",1,1,2,1,2,1,2,1,1,2,2,4,1,2,1,1,1,2,4,2
548,"NELSON OTOCH","PSDB","CE",1,1,1,1,2,1,2,1,1,2,4,4,1,4,4,4,4,4,4,2
209,"NELSON PELLEGRINO","PT","BA",1,1,1,1,1,2,1,4,4,4,4,4,4,2,1,2,1,1,4,4
507,"NELSON PROENCA","PPS","RS",1,1,4,1,1,1,4,4,4,4,4,4,4,4,1,1,1,1,4,4
437,"NELSON TRAD","PTB","MS",1,1,1,1,2,1,2,1,1,2,2,1,1,2,2,1,1,1,4,2
379,"NEUTON LIMA","PFL","SP",1,1,4,1,2,1,2,2,2,2,2,1,1,1,1,1,1,2,4,2
126,"NEY LOPES","PFL","RN",4,4,2,1,2,1,4,2,4,4,4,1,1,2,1,1,4,4,4,4
78,"NICE LOBAO","PFL","MA",1,1,2,1,2,1,4,2,1,4,4,1,1,4,1,1,1,2,4,4
28,"NICIAS RIBEIRO","PSDB","PA",4,4,2,1,4,2,2,1,4,4,2,4,1,4,1,1,1,2,4,2
254,"NILMARIO MIRANDA","PT","MG",1,4,1,1,1,2,4,4,4,4,4,4,2,2,4,4,4,1,4,1
211,"NILO COELHO","PSDB","BA",4,4,2,1,2,1,4,1,1,4,4,4,1,2,1,1,1,2,4,2
57,"NILSON MOURAO","PT","AC",1,1,1,1,1,2,1,2,2,1,5,1,2,2,1,2,1,4,4,1
31,"NILSON PINTO","PSDB","PA",NA,NA,NA,NA,NA,NA,2,1,1,2,2,1,1,2,1,1,4,2,4,2
279,"NILTON BAIANO","PPB","ES",NA,NA,NA,NA,NA,NA,2,1,1,2,2,1,1,2,1,1,1,2,4,2
46,"NILTON CAPIXABA","PTB","RO",4,4,2,4,4,1,2,1,4,4,4,4,4,4,1,2,1,2,4,1
424,"NORBERTO TEIXEIRA","PMDB","GO",1,1,2,1,2,1,2,1,1,2,2,4,1,4,2,1,1,2,4,2
255,"ODELMO LEAO","PPB","MG",1,1,2,1,2,1,2,1,1,2,2,1,1,2,1,1,1,2,4,2
459,"ODILIO BALBINOTTI","PSDB","PR",1,1,2,1,2,1,2,1,1,2,4,1,1,4,1,1,4,2,4,2
171,"OLAVO CALHEIROS","PMDB","AL",1,1,2,1,2,1,2,1,1,2,2,2,1,4,1,1,1,1,4,4
251,"OLIMPIO PIRES","PDT","MG",2,1,1,2,1,2,1,2,4,1,3,1,2,1,1,2,1,2,4,1
464,"OLIVEIRA FILHO","PL","PR",1,2,4,4,4,4,1,2,2,2,2,4,2,2,1,1,1,1,4,1
593,"ORLANDO DESCONSI","PT","RS",1,1,1,1,1,2,NA,NA,NA,NA,NA,NA,NA,NA,NA,NA,NA,NA,NA,NA
587,"ORLANDO FANTAZZINI","PT","SP",1,1,1,1,1,2,1,2,2,5,5,4,2,2,1,2,4,4,4,1
49,"OSCAR ANDRADE","PL","RO",2,2,1,4,1,1,1,2,4,4,4,4,1,2,4,4,4,4,4,1
256,"OSMANIO PEREIRA","PSDB","MG",1,1,4,4,2,1,2,1,1,2,2,1,1,2,1,1,1,2,4,2
463,"OSMAR SERRAGLIO","PMDB","PR",1,1,1,1,2,1,2,1,4,2,2,1,1,1,1,1,1,2,4,2
616,"OSMAR TERRA","PMDB","RS",4,1,1,1,2,1,2,1,1,2,2,4,4,4,1,1,1,2,4,2
618,"OSORIO ADRIANO","PFL","DF",1,1,2,1,2,1,NA,NA,NA,NA,NA,NA,NA,NA,NA,NA,NA,NA,NA,NA
509,"OSVALDO BIOLCHI","PMDB","RS",1,1,1,1,1,1,2,1,4,2,2,1,1,2,1,1,4,2,4,2
154,"OSVALDO COELHO","PFL","PE",4,4,1,4,2,1,2,1,1,1,2,1,4,2,1,1,1,1,4,4
65,"OSVALDO REIS","PMDB","TO",4,4,4,4,4,4,2,1,4,4,4,4,1,2,1,1,1,2,4,2
530,"OSVALDO SOBRINHO","PTB","MT",4,4,2,1,4,4,2,1,1,4,4,1,1,4,4,4,4,4,NA,NA
460,"PADRE ROQUE","PT","PR",1,1,4,1,1,2,1,4,4,4,4,1,4,2,1,2,1,1,4,1
118,"PAES LANDIM","PFL","PI",4,1,2,1,2,1,2,1,1,2,2,1,1,4,1,1,1,4,4,2
67,"PASTOR AMARILDO","PPB","TO",NA,NA,NA,NA,NA,NA,2,1,1,4,4,4,4,4,1,1,1,2,4,4
43,"PAUDERNEY AVELINO","PFL","AM",1,1,2,1,2,1,2,1,4,4,4,1,4,2,2,1,4,2,4,4
320,"PAULO BALTAZAR","PSB","RJ",2,2,1,1,1,2,5,2,2,1,1,2,4,4,1,2,1,1,4,1
213,"PAULO BRAGA","PFL","BA",1,1,1,1,2,1,4,4,4,4,4,1,1,2,1,1,1,1,5,2
542,"PAULO DE ALMEIDA","PFL","RJ",2,2,1,1,1,1,NA,NA,NA,NA,NA,NA,NA,NA,NA,NA,NA,NA,NA,NA
257,"PAULO DELGADO","PT","MG",1,1,1,1,1,2,1,2,2,1,1,1,2,2,1,2,1,4,4,4
321,"PAULO FEIJO","PSDB","RJ",1,1,2,1,2,1,2,1,4,4,4,4,1,2,4,4,4,4,4,2
484,"PAULO GOUVEA","PFL","SC",1,1,1,4,2,1,2,1,1,2,2,1,1,2,1,1,1,1,4,2
503,"PAULO JOSE GOUVEA","PL","RS",2,2,1,1,1,1,4,4,4,4,4,2,2,2,1,2,4,1,4,1
384,"PAULO KOBAYASHI","PSDB","SP",1,1,4,4,2,1,2,1,1,2,2,1,1,2,1,1,1,2,4,2
626,"PAULO LESSA","PPB","RJ",1,1,2,1,2,1,NA,NA,NA,NA,NA,NA,NA,NA,NA,NA,NA,NA,NA,NA
383,"PAULO LIMA","PMDB","SP",4,4,4,4,4,1,4,4,4,4,4,4,4,4,4,4,4,4,4,4
214,"PAULO MAGALHAES","PFL","BA",1,1,2,1,2,1,2,3,3,2,4,1,1,2,3,3,1,1,4,4
79,"PAULO MARINHO","PFL","MA",1,1,2,1,1,4,4,4,4,4,4,1,1,2,4,1,1,4,4,4
66,"PAULO MOURAO","PSDB","TO",1,1,4,4,4,4,2,1,1,2,2,4,1,2,1,1,1,2,4,2
410,"PAULO OCTAVIO","PFL","DF",2,4,4,4,4,4,4,2,4,2,4,4,1,4,2,1,4,1,4,4
510,"PAULO PAIM","PT","RS",1,1,1,1,1,2,1,2,2,1,1,1,2,2,1,2,1,1,4,1
30,"PAULO ROCHA","PT","PA",4,4,1,1,1,2,1,2,4,1,5,4,5,2,1,2,1,1,4,1
520,"PEDRO BITTENCOURT","PFL","SC",1,1,1,4,2,1,NA,NA,NA,NA,NA,NA,NA,NA,NA,NA,NA,NA,NA,NA
425,"PEDRO CANEDO","PSDB","GO",4,1,4,4,4,4,2,2,2,1,1,4,1,4,1,2,4,4,4,4
412,"PEDRO CELSO","PT","DF",1,1,1,1,1,2,4,2,4,1,5,1,4,4,1,2,1,1,4,1
428,"PEDRO CHAVES","PMDB","GO",4,1,4,4,2,1,2,2,2,4,4,4,1,2,1,1,1,2,4,2
539,"PEDRO CORREA","PPB","PE",1,1,2,1,4,1,2,1,1,2,2,1,1,4,NA,NA,NA,NA,NA,NA
162,"PEDRO EUGENIO","PT","PE",1,1,1,1,1,2,1,2,2,1,5,1,2,2,1,2,1,1,4,1
80,"PEDRO FERNANDES","PFL","MA",2,1,1,1,2,2,2,2,2,4,2,1,1,2,1,2,1,2,4,2
403,"PEDRO HENRY","PPB","MT",1,1,4,1,2,1,2,1,1,4,4,1,1,2,1,4,4,2,4,4
212,"PEDRO IRUJO","PFL","BA",1,1,2,1,2,1,4,4,4,4,4,4,4,4,4,4,4,4,4,2
82,"PEDRO NOVAIS","PMDB","MA",1,1,2,1,2,1,2,1,1,4,2,1,1,4,1,1,1,2,4,4
438,"PEDRO PEDROSSIAN","PPB","MS",1,1,2,4,2,1,2,2,2,2,2,4,4,4,1,1,1,2,4,4
177,"PEDRO VALADARES","PSB","SE",2,2,1,1,1,2,1,2,2,1,1,4,2,1,1,2,1,1,4,1
259,"PHILEMON RODRIGUES","PL","MG",1,1,2,1,2,1,NA,NA,NA,NA,NA,NA,NA,NA,NA,NA,NA,NA,NA,NA
253,"PIMENTA DA VEIGA","PSDB","MG",NA,NA,NA,NA,NA,NA,2,1,1,2,4,4,4,4,1,1,1,4,4,4
614,"PIMENTEL GOMES","PPS","CE",1,1,1,1,1,1,2,2,2,2,4,NA,NA,NA,NA,NA,NA,NA,NA,NA
103,"PINHEIRO LANDIM","PMDB","CE",1,1,2,1,2,1,4,1,1,4,2,1,1,4,1,1,4,2,4,4
505,"POMPEO DE MATTOS","PDT","RS",2,1,1,2,1,4,3,2,2,4,4,1,2,1,1,2,1,2,4,4
388,"PROFESSOR LUIZINHO","PT","SP",1,1,1,1,1,2,1,2,2,1,5,1,2,2,1,2,1,1,5,1
466,"RAFAEL GRECA","PFL","PR",4,4,4,4,4,4,2,1,1,2,2,1,1,2,1,1,1,2,4,2
258,"RAFAEL GUERRA","PSDB","MG",1,1,4,1,2,1,2,4,1,2,2,1,1,2,1,1,1,2,5,2
102,"RAIMUNDO GOMES DE MATOS","PSDB","CE",1,1,2,1,2,1,2,1,1,2,4,4,1,2,1,1,1,2,4,2
32,"RAIMUNDO SANTOS","PL","PA",1,1,1,1,2,1,2,2,2,2,4,4,1,2,1,1,1,1,4,1
537,"REGINALDO GERMANO","PFL","BA",4,1,1,1,2,1,2,1,1,4,2,1,1,2,1,1,1,1,4,2
168,"REGIS CAVALCANTE","PPS","AL",2,2,2,1,1,1,2,2,2,2,5,1,2,2,1,1,1,1,4,1
617,"REINALDO GRIPP","PL","RJ",2,2,1,1,1,1,NA,NA,NA,NA,NA,NA,NA,NA,NA,NA,NA,NA,NA,NA
83,"REMI TRINTA","PL","MA",4,4,1,1,1,1,2,1,4,4,4,4,4,4,1,1,1,1,4,2
482,"RENATO VIANNA","PMDB","SC",1,1,1,1,2,1,4,1,1,2,2,1,1,2,1,1,1,2,4,4
33,"RENILDO LEAL","PTB","PA",2,1,1,1,2,1,1,1,4,4,4,4,1,2,2,4,4,4,4,4
465,"RICARDO BARROS","PPB","PR",1,1,2,1,2,1,2,1,1,2,2,4,1,4,1,1,4,2,4,2
390,"RICARDO BERZOINI","PT","SP",1,1,1,1,1,2,1,2,2,1,4,1,2,2,1,2,1,1,4,4
282,"RICARDO FERRACO","PPS","ES",1,1,1,1,1,1,2,2,2,2,2,1,4,1,1,1,1,1,4,4
163,"RICARDO FIUZA","PPB","PE",1,1,4,4,2,1,2,1,1,4,4,1,1,2,1,1,1,2,4,2
385,"RICARDO IZAR","PTB","SP",1,1,2,1,2,1,2,1,1,2,2,1,1,4,2,1,1,2,4,2
137,"RICARDO RIQUE","PSDB","PB",1,4,2,4,4,1,2,1,4,4,4,4,1,2,1,1,1,2,4,2
518,"RICARTE DE FREITAS","PSDB","MT",1,1,2,1,2,1,2,1,1,4,4,4,1,4,1,1,4,2,4,2
280,"RITA CAMATA","PMDB","ES",1,1,1,1,1,2,2,1,1,2,2,1,1,2,1,1,4,2,4,4
7,"ROBERIO ARAUJO","PL","RR",4,4,2,1,2,1,4,1,1,2,2,1,1,2,1,1,1,1,4,4
508,"ROBERTO ARGENTA","PHS","RS",4,4,1,1,1,1,2,1,1,1,4,4,4,4,4,4,4,2,4,4
427,"ROBERTO BALESTRA","PPB","GO",4,4,4,4,4,1,2,1,1,4,4,4,1,2,1,2,1,1,4,2
261,"ROBERTO BRANT","PFL","MG",NA,NA,NA,NA,NA,NA,2,1,1,2,2,1,1,2,1,1,1,1,4,2
323,"ROBERTO JEFFERSON","PTB","RJ",1,1,4,4,2,1,4,1,1,2,2,1,4,2,2,2,1,2,4,1
104,"ROBERTO PESSOA","PFL","CE",1,1,2,1,2,1,2,2,4,2,2,1,1,4,1,1,4,1,4,1
84,"ROBERTO ROCHA","PSDB","MA",1,1,2,1,2,1,2,4,1,2,2,4,4,4,4,1,1,2,4,2
386,"ROBSON TUMA","PFL","SP",1,1,1,1,2,1,2,1,4,4,4,1,4,4,1,1,4,2,4,4
322,"RODRIGO MAIA","PFL","RJ",1,1,1,1,2,1,2,1,4,2,2,2,1,2,1,1,1,1,4,2
215,"ROLAND LAVIGNE","PMDB","BA",1,1,2,4,2,1,4,1,1,2,2,1,1,2,1,1,1,2,4,2
262,"ROMEL ANIZIO","PPB","MG",1,1,2,1,2,1,4,1,1,1,2,1,4,2,1,1,1,2,4,2
260,"ROMEU QUEIROZ","PTB","MG",1,1,2,1,2,1,2,1,4,4,4,4,4,4,2,1,1,2,4,4
105,"ROMMEL FEIJO","PSDB","CE",1,1,2,1,2,1,2,1,1,2,2,1,1,2,1,1,1,2,4,2
429,"RONALDO CAIADO","PFL","GO",1,1,1,1,4,1,4,1,1,2,4,1,1,4,2,1,1,4,4,4
324,"RONALDO CEZAR COELHO","PSDB","RJ",NA,NA,NA,NA,NA,NA,2,1,1,2,2,1,1,2,1,1,1,2,4,2
622,"RONALDO SANTOS","PSDB","RJ",1,1,2,1,2,1,NA,NA,NA,NA,NA,NA,NA,NA,NA,NA,NA,NA,NA,NA
263,"RONALDO VASCONCELLOS","PL","MG",2,2,2,1,1,1,3,2,2,2,2,4,2,1,4,4,4,1,4,1
611,"ROSE DE FREITAS","PSDB","ES",1,1,2,1,2,1,NA,NA,NA,NA,NA,NA,NA,NA,NA,NA,NA,NA,NA,NA
325,"RUBEM MEDINA","PFL","RJ",1,1,1,1,2,1,2,1,1,2,4,2,1,4,1,1,1,2,4,2
467,"RUBENS BUENO","PPS","PR",1,1,1,1,1,1,2,2,2,2,4,4,4,2,1,1,1,1,4,1
394,"RUBENS FURLAN","PPS","SP",2,2,1,1,1,2,2,2,2,2,4,2,1,2,2,1,1,1,4,1
158,"SALATIEL CARVALHO","PMDB","PE",4,4,2,1,2,1,4,4,4,4,4,4,4,4,4,4,4,4,4,4
8,"SALOMAO CRUZ","PFL","RR",4,4,2,1,2,1,2,1,1,2,2,1,1,4,1,1,1,2,4,4
387,"SALVADOR ZIMBALDI","PSDB","SP",1,1,2,1,2,1,2,1,1,2,2,1,1,2,1,1,1,2,4,2
395,"SAMPAIO DORIA","PSDB","SP",1,1,2,1,2,1,2,1,1,2,2,1,1,2,1,1,1,2,4,2
468,"SANTOS FILHO","PFL","PR",1,1,1,1,2,4,2,1,1,2,2,1,1,2,1,1,4,2,4,2
265,"SARAIVA FELIPE","PMDB","MG",2,2,1,1,1,2,2,1,1,2,4,4,2,4,1,2,1,1,4,1
85,"SARNEY FILHO","PFL","MA",NA,NA,NA,NA,NA,NA,4,4,4,4,4,4,4,4,4,4,4,4,4,4
574,"SAULO COELHO","PSDB","MG",1,1,2,1,2,1,NA,NA,NA,NA,NA,NA,NA,NA,NA,NA,NA,NA,NA,NA
216,"SAULO PEDROSA","PSDB","BA",1,1,2,1,2,1,2,1,1,2,2,1,1,2,1,1,1,2,4,2
86,"SEBASTIAO MADEIRA","PSDB","MA",1,1,2,4,2,1,2,1,1,2,2,4,1,4,1,1,1,2,5,2
485,"SERAFIM VENZON","PDT","SC",1,1,1,2,1,2,1,2,2,1,4,1,2,4,1,1,1,2,4,1
16,"SERGIO BARCELLOS","PFL","AP",1,4,2,1,4,1,2,1,1,4,4,1,1,2,1,1,4,2,4,2
58,"SERGIO BARROS","PSDB","AC",4,4,2,4,2,1,2,1,1,2,4,1,1,2,1,1,4,2,4,2
51,"SERGIO CARVALHO","PSDB","RO",4,4,4,4,4,4,2,1,4,2,2,1,1,4,1,1,1,2,4,2
159,"SERGIO GUERRA","PSDB","PE",NA,NA,NA,NA,NA,NA,2,1,1,2,2,1,1,4,1,1,1,2,4,2
266,"SERGIO MIRANDA","PCdoB","MG",2,2,1,1,1,2,1,2,2,1,5,2,2,1,1,2,1,4,4,1
108,"SERGIO NOVAIS","PSB","CE",2,2,1,1,4,2,5,2,2,1,4,2,2,4,1,2,1,1,4,1
180,"SERGIO REIS","PTB","SE",4,4,2,1,2,1,4,4,4,4,4,1,1,2,2,2,1,1,4,4
160,"SEVERINO CAVALCANTI","PPB","PE",1,1,4,1,4,1,2,1,4,2,2,4,4,4,1,1,4,2,4,2
268,"SILAS BRASILEIRO","PMDB","MG",1,1,2,4,4,1,2,1,1,2,2,1,1,4,1,1,1,2,4,4
39,"SILAS CAMARA","PTB","AM",1,1,2,1,2,1,2,1,1,4,4,4,1,2,4,4,4,4,4,4
553,"SILVIO TORRES","PSDB","SP",1,1,2,1,2,1,NA,NA,NA,NA,NA,NA,NA,NA,NA,NA,NA,NA,NA,NA
327,"SIMAO SESSIM","PPB","RJ",1,1,2,1,2,1,2,1,1,2,2,1,1,2,1,1,1,2,4,1
599,"SOCORRO GOMES","PCdoB","PA",4,4,1,1,1,2,1,2,2,4,4,2,2,4,1,2,1,4,4,1
413,"TADEU FILIPPELLI","PMDB","DF",NA,NA,NA,NA,NA,NA,2,1,1,2,4,1,1,2,1,1,1,2,5,2
604,"TANIA SOARES","PCdoB","SE",2,2,1,1,1,2,1,2,2,1,5,4,2,1,1,2,1,1,5,1
517,"TARCISIO ZIMMERMANN","PT","RS",NA,NA,NA,NA,NA,NA,1,2,2,1,5,1,2,2,1,2,1,1,4,1
389,"TELMA DE SOUZA","PT","SP",1,1,1,1,1,2,4,2,2,4,4,4,2,4,1,2,1,4,4,4
513,"TELMO KIRST","PPB","RS",1,1,4,1,2,1,2,1,1,2,2,1,1,4,1,1,4,2,4,2
405,"TETE BEZERRA","PMDB","MT",1,1,2,1,2,1,2,1,1,2,2,1,4,2,1,1,1,4,4,4
113,"THEMISTOCLES SAMPAIO","PMDB","PI",1,1,1,1,2,1,1,1,1,2,2,1,1,2,1,1,1,2,4,4
270,"TILDEN SANTIAGO","PT","MG",4,4,1,1,1,2,1,2,2,1,3,4,2,2,4,4,4,1,4,1
219,"URSICINO QUEIROZ","PFL","BA",1,1,2,1,2,1,2,1,1,2,2,1,1,2,1,1,4,1,4,2
392,"VADAO GOMES","PPB","SP",1,4,2,1,4,1,4,1,4,4,2,4,4,2,4,1,1,2,4,4
319,"VALDECI PAIVA","PSL","RJ",2,2,1,1,2,1,2,2,2,2,2,1,4,2,4,4,4,1,4,2
393,"VALDEMAR COSTA NETO","PL","SP",2,4,1,4,1,4,1,2,4,2,4,2,4,4,1,1,1,1,4,1
40,"VANESSA GRAZZIOTIN","PCdoB","AM",2,2,1,1,1,2,4,4,4,5,5,4,2,1,1,2,1,1,4,1
35,"VIC PIRES FRANCO","PFL","PA",1,1,1,1,2,1,2,1,1,4,4,4,1,2,1,1,1,2,4,2
107,"VICENTE ARRUDA","PSDB","CE",1,1,2,1,2,1,2,1,1,2,2,4,1,4,1,1,4,2,4,2
483,"VICENTE CAROPRESO","PSDB","SC",1,1,1,1,2,1,2,1,1,2,2,4,1,2,1,1,1,2,4,2
430,"VILMAR ROCHA","PFL","GO",1,1,1,1,2,1,2,1,1,4,2,4,1,4,4,4,4,1,4,2
264,"VIRGILIO GUIMARAES","PT","MG",1,1,1,1,1,2,1,2,2,5,4,1,2,4,1,2,1,1,4,1
271,"VITTORIO MEDIOLI","PSDB","MG",4,4,2,1,2,1,4,4,4,4,4,4,4,4,4,4,4,4,4,2
326,"VIVALDO BARBOSA","PDT","RJ",2,1,1,2,1,2,1,2,2,1,1,4,2,1,1,2,1,2,4,1
594,"WAGNER ROSSI","PMDB","SP",1,4,2,1,2,1,2,1,1,2,2,1,1,2,1,1,1,2,5,2
396,"WAGNER SALUSTIANO","PPB","SP",1,1,4,4,4,4,2,1,1,4,4,4,1,2,1,1,1,2,3,2
439,"WALDEMIR MOKA","PMDB","MS",1,1,4,1,2,1,2,2,2,1,2,1,1,2,1,1,4,2,4,2
217,"WALDIR PIRES","PT","BA",1,1,1,1,1,2,1,2,2,1,5,4,2,2,1,2,1,1,4,1
267,"WALFRIDO MARES GUIA","PTB","MG",1,1,2,1,2,1,2,1,4,4,4,4,1,2,1,1,1,2,4,4
218,"WALTER PINHEIRO","PT","BA",1,1,1,1,1,2,4,4,4,4,4,2,4,4,1,2,1,4,4,1
328,"WANDERLEY MARTINS","PSB","RJ",2,2,1,1,1,2,1,2,2,1,5,4,2,1,1,2,1,1,4,1
406,"WELINTON FAGUNDES","PL","MT",NA,NA,NA,NA,NA,NA,NA,NA,NA,NA,NA,NA,NA,NA,NA,NA,NA,NA,4,1
116,"WELLINGTON DIAS","PT","PI",1,1,1,1,1,2,1,2,2,4,5,1,2,2,1,2,1,1,4,1
469,"WERNER WANDERER","PFL","PR",1,1,1,1,2,1,2,1,1,4,4,1,1,2,1,1,1,2,4,4
414,"WIGBERTO TARTUCE","PPB","DF",4,4,4,4,2,1,4,1,1,2,2,4,1,2,1,1,1,2,4,2
138,"WILSON BRAGA","PFL","PB",4,4,1,1,1,1,1,1,4,4,2,4,1,4,1,1,1,1,4,4
627,"WILSON CIGNACHI","PMDB","RS",NA,NA,1,1,1,1,2,1,1,2,4,1,1,2,1,3,1,2,4,2
404,"WILSON SANTOS","PSDB","MT",1,1,2,1,4,4,2,1,2,2,2,1,1,2,1,1,1,2,4,4
609,"WOLNEY QUEIROZ","PDT","PE",2,1,1,2,1,2,NA,NA,NA,NA,NA,NA,NA,NA,NA,NA,NA,NA,NA,NA
397,"XICO GRAZIANO","PSDB","SP",1,1,2,1,2,1,2,1,1,2,4,1,1,2,1,1,1,2,4,2
516,"YEDA CRUSIUS","PSDB","RS",1,4,2,1,2,1,2,1,1,2,2,4,4,4,1,1,4,2,4,4
535,"YVONILTON GONCALVES","PFL","BA",1,1,4,4,4,4,4,1,1,2,2,4,1,2,4,4,4,4,4,4
431,"ZE GOMES DA ROCHA","PMDB","GO",4,4,2,4,2,1,4,4,4,4,4,4,1,4,1,4,1,2,4,2
398,"ZE INDIO","PMDB","SP",1,1,2,1,2,1,2,1,1,2,4,1,1,2,1,1,1,2,4,4
34,"ZENALDO COUTINHO","PSDB","PA",1,1,2,1,2,1,4,1,1,4,4,1,4,4,1,1,1,2,4,4
269,"ZEZE PERRELLA","PFL","MG",1,1,4,4,4,4,2,1,1,2,2,1,1,2,1,1,1,1,2,2
59,"ZILA BEZERRA","PTB","AC",4,4,4,4,4,4,4,4,4,4,4,4,4,4,4,4,4,4,4,1
540,"ZULAIE COBRA","PSDB","SP",1,4,2,4,2,1,2,1,4,4,4,4,1,2,1,1,1,2,4,4
9999,"zz.GOV",NA,NA,NA,1,2,1,2,1,2,1,1,NA,2,1,1,2,1,1,1,NA,NA,NA
8888,"zz.MINORIA",NA,NA,NA,NA,NA,NA,NA,NA,NA,NA,NA,NA,NA,NA,NA,NA,NA,NA,NA,NA,NA,NA
7777,"zz.PCdoB",NA,NA,NA,NA,NA,NA,NA,NA,NA,NA,NA,NA,NA,NA,NA,NA,NA,NA,NA,NA,NA,NA
7777,"zz.PDT",NA,NA,4,1,1,4,1,4,2,2,2,1,5,1,2,1,1,4,1,4,5,1
7777,"zz.PFL",NA,NA,1,1,4,1,2,1,2,1,1,2,2,1,1,2,1,1,1,4,5,2
7777,"zz.PHS",NA,NA,NA,NA,NA,NA,NA,NA,NA,NA,NA,NA,NA,NA,NA,NA,NA,NA,NA,NA,NA,NA
7777,"zz.PL",NA,NA,2,2,1,1,1,1,1,2,2,2,2,2,2,2,1,1,1,1,5,1
7777,"zz.PMDB",NA,NA,1,1,2,1,2,1,2,1,1,2,2,1,1,2,1,1,1,2,5,2
7777,"zz.PPB",NA,NA,1,1,2,1,2,1,2,1,1,2,2,1,1,2,1,1,1,2,5,2
7777,"zz.PPS",NA,NA,4,1,1,4,1,4,2,2,2,1,5,1,2,1,1,4,1,4,5,1
7777,"zz.PSB",NA,NA,2,2,1,1,1,2,1,2,2,1,5,2,2,1,1,2,1,1,5,1
7777,"zz.PSDB",NA,NA,1,1,2,1,2,1,2,1,1,2,2,1,1,2,1,1,1,2,5,2
7777,"zz.PSDC",NA,NA,NA,NA,NA,NA,NA,NA,NA,NA,NA,NA,NA,NA,NA,NA,NA,NA,NA,NA,NA,NA
7777,"zz.PSL",NA,NA,2,2,1,1,1,1,1,2,2,2,2,2,2,2,1,1,1,1,5,1
7777,"zz.PST",NA,NA,1,1,NA,1,NA,NA,NA,NA,1,NA,NA,NA,NA,NA,NA,NA,NA,NA,NA,NA
7777,"zz.PT",NA,NA,1,1,1,1,1,2,1,2,2,1,5,1,2,2,1,2,1,1,5,1
7777,"zz.PTB",NA,NA,1,1,2,1,2,1,2,1,1,2,2,1,1,2,2,2,1,2,5,1
7777,"zz.PTN",NA,NA,NA,NA,NA,NA,NA,NA,NA,NA,NA,NA,NA,NA,NA,NA,NA,NA,NA,NA,NA,NA
