"id","name","party","state","vote.100000690","vote.100000691","vote.100000692","vote.100000693","vote.100000694","vote.100000695","vote.100000696","vote.100000697","vote.100000698","vote.100000699","vote.100000700","vote.100000701","vote.100000702","vote.100000703","vote.100000704","vote.100000705","vote.100000708"
537,"ABELARDO LUPION","PFL","PR",NA,NA,NA,NA,NA,NA,NA,NA,1,2,NA,NA,NA,1,1,1,1
475,"ADAO PRETTO","PT","RS",2,NA,2,NA,NA,NA,2,NA,NA,2,1,NA,NA,NA,NA,NA,NA
126,"ADAUTO PEREIRA","PFL","PB",NA,NA,1,NA,1,1,NA,2,1,2,NA,NA,1,NA,NA,1,1
51,"ADELAIDE NERI","PMDB","AC",1,2,NA,NA,1,NA,NA,NA,NA,2,NA,NA,NA,NA,NA,1,NA
477,"ADROALDO STRECK","PSDB","RS",2,1,NA,2,NA,1,1,1,1,2,1,2,NA,NA,NA,2,NA
478,"ADYLSON MOTTA","PPR","RS",NA,2,3,3,3,1,1,2,3,1,2,NA,1,1,1,3,3
86,"AECIO DE BORBA","PPR","CE",NA,2,NA,NA,1,NA,1,NA,1,1,NA,1,1,1,1,NA,NA
219,"AECIO NEVES","PSDB","MG",NA,NA,NA,NA,NA,1,NA,NA,NA,NA,1,1,NA,NA,NA,NA,NA
220,"AGOSTINHO VALENTE","PT","MG",NA,NA,2,NA,1,1,2,1,1,2,1,1,NA,NA,2,NA,NA
17,"ALACID NUNES","PFL","PA",2,1,1,NA,1,1,1,2,1,NA,2,2,1,1,1,1,1
329,"ALBERTO GOLDMAN","PMDB","SP",1,1,3,1,3,1,NA,1,1,NA,NA,NA,2,1,NA,1,1
328,"ALBERTO HADDAD","PP","SP",NA,NA,1,NA,NA,1,1,NA,1,2,2,NA,NA,1,NA,NA,NA
1,"ALCESTE ALMEIDA","PTB","RR",NA,NA,1,NA,2,NA,1,NA,1,NA,NA,1,1,2,NA,1,1
209,"ALCIDES MODESTO","PT","BA",2,2,2,1,1,NA,NA,1,1,NA,1,NA,2,NA,NA,NA,NA
282,"ALDIR CABRAL","PFL","RJ",1,NA,1,NA,NA,1,NA,NA,1,2,2,1,NA,NA,NA,NA,NA
479,"ALDO PINTO","PDT","RS",1,2,1,NA,NA,NA,NA,NA,2,2,NA,1,1,2,NA,NA,1
357,"ALDO REBELO","PCdoB","SP",2,2,2,NA,NA,NA,2,NA,1,2,NA,1,NA,NA,NA,1,2
221,"ALOISIO VASCONCELOS","PMDB","MG",NA,2,NA,NA,1,NA,1,NA,1,NA,2,NA,NA,NA,NA,NA,NA
330,"ALOIZIO MERCADANTE","PT","SP",2,2,2,NA,1,1,2,NA,NA,NA,NA,NA,NA,NA,NA,NA,NA
118,"ALUIZIO ALVES","PMDB","RN",1,2,1,NA,1,1,NA,NA,NA,NA,NA,NA,NA,NA,NA,NA,NA
138,"ALVARO RIBEIRO","PSB","PE",2,2,2,1,1,NA,2,1,1,NA,1,NA,NA,1,3,1,1
283,"ALVARO VALLE","PL","RJ",1,2,NA,NA,NA,NA,NA,2,2,NA,NA,1,NA,NA,1,2,1
293,"AMARAL NETTO","PPR","RJ",NA,NA,1,NA,1,1,NA,NA,1,NA,2,NA,NA,NA,NA,NA,NA
480,"AMAURY MULLER","PDT","RS",1,2,NA,NA,NA,NA,1,1,NA,NA,1,1,2,1,NA,NA,NA
459,"ANGELA AMIN","PPR","SC",1,2,NA,NA,1,NA,1,NA,1,NA,NA,2,NA,NA,NA,NA,1
180,"ANGELO MAGALHAES","PFL","BA",NA,NA,1,1,1,1,1,NA,NA,2,NA,2,1,1,NA,NA,NA
525,"ANNIBAL TEIXEIRA","PP","MG",NA,NA,NA,NA,NA,1,1,2,NA,NA,NA,NA,NA,NA,1,NA,NA
429,"ANTONIO BARBARA","PMDB","PR",2,NA,NA,1,3,1,1,NA,NA,2,2,1,NA,NA,NA,NA,NA
429,"ANTONIO BARBARA",NA,"PR",NA,NA,NA,NA,NA,NA,NA,NA,NA,NA,NA,NA,NA,NA,NA,NA,2
481,"ANTONIO BRITTO","PMDB","RS",NA,NA,1,NA,1,NA,NA,NA,1,2,NA,NA,NA,NA,NA,NA,NA
87,"ANTONIO DOS SANTOS","PFL","CE",NA,2,NA,NA,1,1,NA,NA,NA,NA,3,NA,1,3,NA,1,NA
404,"ANTONIO FALEIROS","PSDB","GO",NA,NA,2,NA,1,1,NA,1,1,2,NA,NA,NA,1,NA,2,1
139,"ANTONIO GERALDO","PFL","PE",3,2,1,1,3,1,1,NA,1,1,2,NA,NA,NA,NA,NA,NA
533,"ANTONIO MORIMOTO","PPR","RO",NA,NA,NA,NA,NA,NA,NA,NA,NA,NA,NA,2,1,1,NA,2,1
441,"ANTONIO UENO","PFL","PR",NA,NA,NA,NA,NA,NA,NA,NA,1,2,NA,NA,NA,NA,NA,NA,NA
588,"APARICIO CARVALHO","PSDB","RO",1,1,2,1,NA,1,1,1,1,2,1,1,1,3,NA,NA,NA
222,"ARACELY DE PAULA","PFL","MG",1,2,NA,NA,NA,1,1,NA,1,2,2,2,1,1,NA,1,1
93,"ARIOSTO HOLANDA","PSDB","CE",NA,2,2,NA,1,1,1,NA,2,2,1,1,1,NA,1,1,1
22,"ARMANDO COSTA","PMDB","MG",1,2,1,NA,NA,1,1,NA,1,NA,NA,2,1,NA,1,1,1
572,"ARMANDO PINHEIRO","PPR","SP",1,NA,1,NA,NA,1,1,NA,1,NA,NA,2,1,NA,NA,NA,NA
575,"ARMANDO VIOLA","PMDB","ES",1,2,1,1,1,1,NA,NA,1,2,2,2,NA,NA,NA,1,NA
336,"ARNALDO FARIA DE SA","PPR","SP",NA,NA,NA,NA,NA,NA,NA,NA,NA,2,2,2,1,1,1,NA,NA
482,"ARNO MAGARINOS","PPR","RS",NA,NA,NA,1,1,NA,1,NA,1,2,2,2,NA,1,NA,NA,NA
285,"AROLDE DE OLIVEIRA","PFL","RJ",NA,2,1,1,NA,NA,3,NA,1,2,NA,NA,NA,NA,NA,NA,NA
181,"AROLDO CEDRAZ","PFL","BA",NA,NA,1,NA,1,1,1,NA,1,NA,NA,NA,1,1,NA,NA,NA
9,"AROLDO GOES","PDT","AP",NA,2,NA,NA,NA,NA,NA,NA,NA,NA,NA,NA,NA,1,NA,1,1
313,"ARTUR DA TAVOLA","PSDB","RJ",2,1,2,NA,NA,1,1,1,NA,2,1,1,1,1,NA,2,NA
337,"ARY KARA","PMDB","SP",NA,NA,1,NA,NA,1,1,NA,NA,NA,NA,2,NA,NA,NA,1,NA
35,"ATILA LINS","PFL","AM",NA,NA,NA,NA,1,NA,NA,NA,NA,NA,NA,NA,NA,NA,NA,NA,NA
108,"ATILA LIRA","PFL","PI",NA,NA,NA,NA,NA,NA,NA,NA,NA,NA,NA,1,1,1,NA,NA,NA
388,"AUGUSTINHO FREITAS","PP","MT",NA,NA,NA,1,2,1,NA,NA,NA,NA,NA,2,NA,1,1,NA,1
396,"AUGUSTO CARVALHO","PPS","DF",1,2,2,NA,NA,1,2,1,1,2,1,1,1,1,NA,2,NA
165,"AUGUSTO FARIAS","PSC","AL",NA,NA,NA,NA,1,NA,NA,NA,NA,2,2,NA,NA,NA,NA,NA,NA
224,"AVELINO COSTA","PPR","MG",NA,NA,NA,1,NA,NA,NA,NA,NA,1,NA,NA,NA,NA,NA,NA,NA
3,"AVENIR ROSA","PP","RR",NA,NA,NA,NA,NA,NA,NA,NA,NA,2,NA,NA,NA,NA,NA,2,NA
109,"B  SA","PP","PI",1,2,1,NA,NA,1,1,1,1,2,2,2,1,1,1,1,1
431,"BASILIO VILLANI","PPR","PR",1,2,NA,NA,NA,NA,NA,NA,NA,1,NA,2,1,1,NA,2,NA
286,"BENEDITA DA SILVA","PT","RJ",2,NA,2,NA,1,1,2,1,1,NA,NA,NA,NA,NA,NA,2,NA
172,"BENEDITO DE FIGUEIREDO","PDT","SE",1,2,NA,NA,1,NA,1,NA,NA,2,1,NA,2,2,1,NA,1
397,"BENEDITO DOMINGOS","PP","DF",NA,1,1,1,NA,NA,NA,NA,1,2,NA,2,1,1,NA,1,NA
182,"BENITO GAMA","PFL","BA",2,NA,1,1,NA,1,NA,NA,NA,2,NA,2,1,NA,NA,1,1
183,"BERALDO BOAVENTURA","PSDB","BA",2,2,3,1,1,NA,1,1,1,2,3,2,2,1,NA,2,NA
37,"BETH AZIZE","PDT","AM",NA,NA,1,1,1,NA,NA,NA,NA,1,1,2,NA,NA,NA,NA,NA
377,"BETO MANSUR","PPR","SP",1,2,1,NA,NA,1,NA,2,1,1,NA,1,NA,NA,1,NA,1
225,"BONIFACIO DE ANDRADA","PTB","MG",NA,NA,NA,NA,NA,NA,NA,NA,1,2,2,2,1,2,1,1,1
522,"CAMILO MACHADO","PTB","MG",NA,NA,1,NA,NA,1,NA,NA,1,NA,NA,NA,NA,NA,NA,NA,1
380,"CARDOSO ALVES","PTB","SP",1,2,NA,NA,1,1,NA,2,NA,NA,2,2,1,3,NA,NA,NA
287,"CARLOS ALBERTO CAMPISTA","PDT","RJ",1,2,1,NA,NA,NA,NA,1,2,NA,NA,1,2,NA,NA,NA,NA
484,"CARLOS AZAMBUJA","PPR","RS",NA,2,3,NA,NA,NA,1,NA,NA,NA,NA,2,1,NA,NA,2,NA
88,"CARLOS BENEVIDES","PMDB","CE",NA,2,NA,NA,1,NA,1,3,NA,NA,NA,NA,NA,NA,NA,NA,NA
44,"CARLOS CAMURCA","PP","RO",NA,NA,NA,NA,NA,1,1,NA,1,NA,NA,NA,NA,NA,NA,1,NA
483,"CARLOS CARDINAL","PDT","RS",NA,2,1,NA,NA,1,NA,1,2,NA,NA,1,2,NA,NA,NA,1
18,"CARLOS KAYATH","PTB","PA",NA,NA,1,2,1,1,NA,NA,NA,NA,2,1,NA,NA,NA,NA,2
289,"CARLOS LUPI","PDT","RJ",1,2,1,1,2,2,1,1,2,2,1,1,2,NA,NA,NA,NA
549,"CARLOS NELSON","PMDB","SP",NA,NA,1,NA,3,3,1,NA,NA,NA,NA,NA,NA,NA,NA,1,1
433,"CARLOS ROBERTO MASSA","PTB","PR",1,NA,NA,NA,NA,1,1,2,1,2,NA,NA,NA,NA,NA,NA,NA
592,"CARLOS SANT ANNA","PP","BA",NA,NA,NA,NA,NA,NA,NA,NA,1,2,2,2,1,NA,1,1,1
288,"CARLOS SANTANA","PT","RJ",2,2,NA,NA,NA,NA,NA,NA,NA,NA,1,NA,2,NA,NA,NA,NA
434,"CARLOS SCARPELINI","PP","PR",1,NA,1,NA,NA,1,1,1,NA,2,2,2,1,1,1,NA,NA
89,"CARLOS VIRGILIO","PPR","CE",NA,NA,NA,NA,NA,NA,NA,NA,1,NA,NA,NA,1,NA,NA,1,NA
488,"CARRION JUNIOR","PDT","RS",NA,2,1,NA,NA,NA,NA,NA,NA,NA,1,1,2,2,1,NA,1
52,"CELIA MENDES","PPR","AC",1,2,NA,1,NA,NA,1,NA,1,NA,NA,NA,2,NA,NA,NA,NA
485,"CELSO BERNARDI","PPR","RS",1,2,1,NA,NA,1,1,NA,1,NA,NA,NA,NA,NA,NA,NA,NA
68,"CESAR BANDEIRA","PFL","MA",1,2,1,NA,1,1,1,NA,NA,NA,NA,NA,1,1,NA,NA,1
460,"CESAR SOUZA","PFL","SC",NA,NA,NA,NA,1,NA,NA,2,NA,2,2,NA,1,NA,NA,NA,1
574,"CHAFIC FARHAT","PPR","SP",NA,NA,NA,1,1,NA,NA,NA,NA,NA,NA,NA,NA,NA,NA,NA,NA
398,"CHICO VIGILANTE","PT","DF",NA,2,NA,NA,1,NA,2,NA,1,2,NA,1,2,2,NA,NA,NA
309,"CIDINHA CAMPOS","PDT","RJ",NA,NA,1,1,2,2,NA,NA,NA,2,1,1,2,NA,NA,NA,NA
110,"CIRO NOGUEIRA","PFL","PI",NA,NA,NA,NA,NA,2,NA,NA,NA,2,2,1,1,1,NA,1,NA
175,"CLEONANCIO FONSECA","PPR","SE",NA,NA,NA,NA,1,1,NA,NA,NA,NA,NA,NA,NA,NA,1,1,NA
171,"CLETO FALCAO","PSD","AL",NA,NA,NA,NA,NA,NA,NA,NA,NA,NA,2,NA,1,NA,NA,NA,NA
184,"CLOVIS ASSIS","PSDB","BA",NA,NA,1,2,1,1,1,NA,3,2,1,2,2,1,NA,2,NA
67,"COSTA FERREIRA","PP","MA",1,2,NA,1,NA,1,1,NA,1,2,2,2,1,NA,NA,1,NA
334,"CUNHA BUENO","PPR","SP",NA,NA,1,NA,NA,NA,1,2,NA,NA,NA,2,NA,NA,NA,NA,NA
71,"DANIEL SILVA","PFL","MA",NA,NA,NA,NA,NA,1,1,NA,NA,NA,2,NA,NA,NA,NA,1,1
71,"DANIEL SILVA","PPR","MA",1,2,NA,1,NA,NA,NA,NA,NA,NA,NA,NA,NA,NA,NA,NA,NA
556,"DARCI COELHO","PFL","TO",1,2,NA,NA,1,1,NA,2,1,NA,NA,2,NA,NA,NA,1,1
461,"DEJANDIR DALPASQUALE","PMDB","SC",NA,2,1,NA,1,1,1,NA,NA,2,NA,NA,NA,NA,NA,1,2
435,"DELCINO TAVARES","PP","PR",NA,NA,1,NA,NA,1,1,1,NA,NA,NA,2,2,1,NA,NA,2
333,"DELFIM NETTO","PPR","SP",NA,2,NA,NA,1,NA,NA,NA,NA,NA,2,NA,NA,NA,NA,NA,NA
405,"DELIO BRAZ","PFL","GO",NA,NA,NA,NA,NA,NA,2,NA,NA,NA,2,NA,1,1,NA,2,2
560,"DENI SCHWARTZ","PSDB","PR",NA,1,2,NA,1,1,1,1,1,NA,1,2,1,NA,2,NA,1
462,"DERCIO KNOP","PDT","SC",NA,NA,1,1,NA,3,1,NA,NA,NA,1,NA,1,1,NA,NA,NA
59,"DERVAL DE PAIVA","PMDB","TO",NA,2,1,NA,1,NA,NA,1,1,2,1,NA,1,NA,NA,NA,NA
338,"DIOGO NOMURA","PL","SP",NA,2,1,NA,NA,1,1,NA,NA,NA,NA,NA,1,1,NA,1,NA
173,"DJENAL GONCALVES","PPR","SE",NA,2,NA,NA,NA,NA,NA,NA,NA,NA,NA,NA,NA,NA,NA,NA,NA
173,"DJENAL GONCALVES","PSDB","SE",2,NA,NA,NA,NA,1,1,NA,NA,2,1,NA,1,1,NA,1,1
19,"DOMINGOS JUVENIL","PMDB","PA",1,2,1,NA,1,NA,1,2,1,NA,2,2,1,1,NA,1,NA
486,"EDEN PEDROSO","PT","RS",2,2,NA,1,NA,1,2,1,NA,2,1,1,NA,NA,NA,NA,NA
528,"EDESIO FRIAS","PDT","RJ",1,2,NA,NA,NA,NA,NA,NA,NA,NA,NA,NA,NA,NA,NA,NA,NA
436,"EDESIO PASSOS","PT","PR",2,2,2,1,NA,1,2,NA,1,2,1,1,NA,NA,NA,NA,NA
437,"EDI SILIPRANDI","PSD","PR",NA,NA,1,1,2,2,NA,2,NA,NA,NA,NA,NA,NA,1,NA,NA
555,"EDISON ANDRINO","PMDB","SC",1,2,1,1,1,NA,NA,NA,NA,NA,2,1,1,1,NA,NA,NA
45,"EDISON FIDELIS","PP","RO",1,NA,NA,NA,NA,NA,NA,NA,NA,NA,NA,NA,NA,NA,NA,NA,NA
228,"EDMAR MOREIRA","PP","MG",NA,NA,NA,NA,NA,NA,1,NA,NA,NA,NA,NA,NA,NA,NA,NA,NA
60,"EDMUNDO GALDINO","PSDB","TO",1,2,NA,NA,NA,NA,1,1,NA,2,NA,2,NA,1,2,NA,1
90,"EDSON SILVA","PDT","CE",1,2,NA,1,1,NA,1,NA,NA,2,1,NA,NA,NA,NA,NA,1
340,"EDUARDO JORGE","PT","SP",2,2,2,NA,NA,1,NA,NA,2,2,1,1,2,2,NA,NA,NA
529,"EDUARDO MASCARENHAS","PSDB","RJ",2,1,NA,NA,NA,NA,NA,NA,NA,NA,NA,NA,NA,NA,NA,NA,NA
72,"EDUARDO MATIAS","PP","MA",NA,NA,NA,1,1,1,1,NA,NA,NA,NA,2,1,1,1,NA,1
129,"EFRAIM MORAIS","PFL","PB",NA,NA,NA,NA,NA,NA,NA,NA,1,2,NA,NA,1,1,NA,NA,1
241,"ELIAS MURAD","PSDB","MG",1,2,2,NA,1,1,1,1,1,2,2,1,1,1,NA,2,1
515,"ELIEL RODRIGUES","PMDB","PA",NA,2,NA,1,NA,1,1,NA,NA,NA,NA,NA,NA,NA,NA,NA,NA
438,"ELIO DALLA VECCHIA","PDT","PR",1,NA,1,1,NA,1,NA,1,NA,NA,NA,NA,1,1,NA,NA,NA
421,"ELISIO CURVO","PTB","MS",NA,NA,1,2,NA,1,NA,NA,NA,NA,2,NA,NA,1,1,NA,1
185,"ERALDO TINOCO","PFL","BA",NA,2,1,1,1,1,1,2,1,NA,NA,2,1,NA,2,1,NA
10,"ERALDO TRINDADE","PPR","AP",1,2,1,NA,1,NA,1,2,1,3,NA,1,NA,NA,NA,NA,NA
91,"ERNANI VIANA","PP","CE",NA,NA,1,1,1,NA,1,NA,1,NA,2,NA,NA,NA,NA,NA,NA
341,"ERNESTO GRADELLA","PSTU","SP",2,2,NA,2,2,NA,2,NA,2,2,1,1,2,NA,2,NA,NA
589,"ERVIN BONKOSKI","PTB","PR",NA,NA,NA,NA,NA,1,1,NA,NA,NA,2,NA,NA,NA,NA,NA,NA
273,"ETEVALDA GRASSI DE MENEZES","PTB","ES",1,2,1,NA,1,1,1,NA,1,2,2,2,1,1,NA,1,1
92,"ETEVALDO NOGUEIRA","PFL","CE",NA,1,1,NA,NA,1,NA,NA,NA,NA,NA,NA,NA,NA,NA,1,NA
343,"EUCLYDES MELLO","PRN","SP",1,NA,NA,1,1,1,2,NA,NA,NA,2,2,1,1,NA,NA,NA
38,"EULER RIBEIRO","PMDB","AM",1,2,NA,NA,1,NA,NA,NA,NA,NA,NA,NA,NA,NA,1,1,NA
593,"EURICO RIBEIRO","PPR","MA",NA,NA,NA,NA,NA,NA,NA,NA,1,1,2,2,1,1,NA,NA,NA
130,"EVALDO GONCALVES","PFL","PB",NA,NA,NA,NA,1,1,NA,NA,NA,NA,2,1,1,1,NA,NA,1
176,"EVARALDO DE OLIVEIRA","PFL","SE",2,NA,1,1,NA,NA,1,2,NA,NA,NA,NA,1,1,NA,NA,NA
596,"EXPEDITO RAFAEL","PMN","RO",NA,NA,NA,NA,NA,NA,NA,NA,NA,NA,1,2,1,1,1,2,NA
39,"EZIO FERREIRA","PFL","AM",NA,NA,1,NA,1,1,1,NA,1,NA,NA,2,1,NA,NA,1,1
344,"FABIO FELDMANN","PSDB","SP",NA,NA,2,NA,NA,1,NA,1,1,2,NA,2,1,1,NA,NA,1
345,"FABIO MEIRELLES","PPR","SP",NA,NA,1,NA,1,NA,1,NA,1,NA,NA,NA,NA,NA,NA,NA,NA
291,"FABIO RAUNHEITTI","PTB","RJ",NA,NA,NA,NA,NA,1,NA,NA,NA,NA,NA,NA,NA,NA,NA,NA,NA
11,"FATIMA PELAES","PFL","AP",1,2,1,NA,NA,NA,1,NA,1,2,2,NA,NA,NA,1,1,NA
346,"FAUSTO ROCHA","PL","SP",NA,NA,1,NA,NA,1,NA,NA,2,2,2,NA,1,NA,NA,2,NA
509,"FELIPE MENDES","PPR","PI",NA,2,1,NA,1,NA,1,NA,NA,NA,NA,NA,NA,NA,NA,NA,NA
229,"FELIPE NERI","PMDB","MG",1,NA,NA,NA,1,NA,NA,NA,NA,2,NA,NA,NA,NA,NA,1,1
186,"FELIX MENDONCA","PTB","BA",NA,NA,3,3,NA,3,1,2,1,NA,NA,NA,NA,NA,NA,1,NA
487,"FERNANDO CARRION","PPR","RS",1,NA,NA,NA,1,NA,NA,NA,NA,1,NA,NA,NA,1,NA,NA,NA
230,"FERNANDO DINIZ","PMDB","MG",1,NA,1,1,1,1,1,NA,1,2,2,3,1,1,NA,1,NA
119,"FERNANDO FREIRE","PPR","RN",NA,NA,1,NA,NA,NA,1,NA,NA,NA,NA,NA,NA,NA,NA,NA,1
292,"FERNANDO LOPES","PDT","RJ",NA,NA,NA,NA,NA,NA,NA,NA,NA,NA,NA,NA,NA,NA,NA,NA,2
551,"FERNANDO LYRA","PSB","PE",NA,NA,NA,NA,NA,NA,NA,NA,1,NA,NA,1,NA,NA,NA,NA,NA
476,"FETTER JUNIOR","PPR","RS",NA,1,1,1,NA,NA,1,2,1,1,2,2,1,NA,NA,2,2
439,"FLAVIO ARNS","PSDB","PR",2,1,2,NA,NA,1,1,1,1,2,NA,NA,NA,NA,2,2,NA
422,"FLAVIO DERZI","PP","MS",1,2,NA,NA,NA,1,1,1,1,NA,NA,1,NA,1,1,1,NA
294,"FLAVIO PALMIER DA VEIGA","PSDB","RJ",NA,1,NA,1,NA,NA,1,NA,NA,2,NA,1,1,NA,NA,2,NA
120,"FLAVIO ROCHA","PL","RN",NA,NA,NA,NA,NA,NA,NA,NA,NA,NA,NA,1,NA,NA,NA,NA,1
347,"FLORESTAN FERNANDES","PT","SP",NA,NA,2,1,1,1,2,1,NA,2,1,NA,NA,NA,NA,NA,NA
74,"FRANCISCO COELHO","PFL","MA",NA,NA,NA,NA,NA,1,1,NA,NA,NA,NA,NA,NA,NA,NA,NA,NA
53,"FRANCISCO DIOGENES","PMDB","AC",NA,NA,NA,NA,NA,NA,NA,NA,NA,NA,NA,NA,1,NA,NA,NA,1
295,"FRANCISCO DORNELLES","PPR","RJ",1,2,NA,NA,NA,NA,1,NA,NA,NA,NA,NA,NA,NA,NA,NA,1
131,"FRANCISCO EVANGELISTA","PPR","PB",1,2,1,NA,NA,1,NA,NA,1,NA,1,NA,1,NA,NA,1,NA
4,"FRANCISCO RODRIGUES","PTB","RR",NA,NA,NA,NA,NA,NA,1,NA,NA,NA,2,NA,NA,1,NA,NA,NA
312,"FRANCISCO SILVA","PP","RJ",NA,NA,NA,NA,NA,NA,1,NA,NA,NA,NA,2,NA,NA,NA,1,1
62,"FREIRE JUNIOR","PMDB","TO",NA,2,NA,1,1,NA,NA,NA,NA,NA,NA,NA,NA,NA,1,2,NA
348,"GASTONE RIGHI","PTB","SP",NA,2,NA,2,NA,1,NA,2,1,2,2,1,1,2,1,1,1
188,"GEDDEL VIEIRA LIMA","PMDB","BA",1,2,NA,1,NA,NA,NA,NA,1,NA,2,2,1,NA,NA,1,NA
189,"GENEBALDO CORREIA","PMDB","BA",NA,2,NA,NA,1,NA,1,NA,NA,NA,NA,NA,NA,NA,NA,NA,NA
231,"GENESIO BERNARDINO","PMDB","MG",1,2,1,NA,NA,1,NA,NA,1,2,NA,2,1,1,1,1,1
423,"GEORGE TAKIMOTO","PFL","MS",NA,1,NA,NA,1,1,1,NA,NA,1,NA,NA,1,NA,NA,2,2
349,"GERALDO ALCKMIN FILHO","PSDB","SP",2,1,2,1,1,1,NA,1,1,2,1,1,1,1,NA,NA,NA
489,"GERMANO RIGOTTO","PMDB","RS",1,NA,1,1,NA,1,1,1,1,3,2,1,NA,1,1,NA,1
20,"GERSON PERES","PPR","PA",1,2,1,1,1,1,1,NA,1,NA,2,2,1,1,NA,1,NA
232,"GETULIO NEIVA","PL","MG",NA,NA,1,2,NA,NA,NA,NA,NA,2,NA,2,3,1,1,NA,3
141,"GILSON MACHADO","PFL","PE",NA,NA,NA,NA,NA,NA,1,NA,NA,2,NA,NA,1,1,NA,NA,NA
12,"GILVAN BORGES","PMDB","AP",NA,2,NA,NA,NA,NA,NA,NA,NA,NA,NA,NA,NA,NA,NA,2,NA
21,"GIOVANNI QUEIROZ","PDT","PA",1,2,NA,NA,2,NA,NA,NA,NA,2,NA,1,NA,NA,NA,NA,1
100,"GONZAGA MOTA","PMDB","CE",1,2,NA,1,1,NA,NA,NA,NA,NA,NA,NA,NA,NA,1,NA,NA
142,"GUSTAVO KRAUSE","PFL","PE",NA,2,NA,NA,NA,NA,NA,NA,NA,NA,NA,NA,NA,NA,NA,NA,NA
406,"HALEY MARGON","PMDB","GO",1,2,NA,NA,1,1,1,NA,NA,NA,NA,NA,NA,NA,NA,1,1
190,"HAROLDO LIMA","PCdoB","BA",NA,2,2,NA,NA,1,NA,1,1,2,1,1,2,2,NA,1,2
75,"HAROLDO SABOIA","PT","MA",NA,2,2,NA,NA,NA,NA,NA,NA,2,1,1,NA,NA,NA,NA,NA
350,"HEITOR FRANCO","PPR","SP",1,2,1,NA,NA,1,1,2,NA,NA,2,NA,1,1,NA,2,1
352,"HELIO BICUDO","PT","SP",2,2,2,NA,NA,1,2,NA,1,NA,NA,NA,2,NA,NA,NA,NA
351,"HELIO ROSAS","PMDB","SP",NA,NA,NA,NA,NA,NA,NA,NA,1,1,NA,2,NA,NA,NA,1,1
566,"HELVECIO CASTELLO","PSDB","ES",NA,2,NA,NA,NA,NA,NA,NA,NA,NA,NA,NA,NA,NA,NA,NA,NA
566,"HELVECIO CASTELLO","PT","ES",2,NA,2,1,1,1,2,NA,1,NA,1,1,2,NA,2,NA,NA
121,"HENRIQUE EDUARDO ALVES","PMDB","RN",1,2,1,1,1,1,NA,NA,NA,2,NA,1,NA,1,NA,1,NA
22,"HERMINIO CALVINHO","PMDB","PA",1,NA,NA,1,1,1,2,NA,1,2,2,NA,1,1,1,1,NA
547,"HILARIO BRAUN","PMDB","RS",NA,NA,NA,NA,NA,NA,NA,NA,NA,NA,NA,1,1,1,NA,NA,1
23,"HILARIO COIMBRA","PTB","PA",1,2,1,NA,1,NA,1,NA,1,2,2,2,1,1,NA,1,1
440,"HOMERO OGUIDO","PMDB","PR",NA,NA,NA,NA,NA,NA,NA,NA,1,NA,2,2,1,1,NA,1,1
464,"HUGO BIEHL","PPR","SC",1,NA,1,NA,NA,NA,NA,NA,1,1,NA,NA,1,1,1,NA,NA
233,"HUMBERTO SOUTO","PFL","MG",NA,1,NA,2,NA,1,NA,NA,1,2,2,1,1,1,1,1,NA
122,"IBERE FERREIRA","PFL","RN",NA,NA,NA,NA,1,1,1,NA,1,NA,NA,NA,1,1,1,NA,1
234,"IBRAHIM ABI ACKEL","PPR","MG",1,2,1,1,1,NA,1,2,1,NA,2,2,NA,NA,1,NA,NA
490,"IBSEN PINHEIRO","PMDB","RS",NA,NA,NA,NA,NA,1,NA,NA,NA,NA,NA,NA,NA,NA,NA,NA,NA
143,"INOCENCIO OLIVEIRA","PFL","PE",3,3,NA,1,NA,3,3,3,1,3,3,3,3,3,3,NA,3
235,"IRANI BARBOSA","PSD","MG",NA,NA,3,1,NA,NA,NA,2,NA,NA,NA,NA,NA,NA,NA,NA,3
353,"IRMA PASSONI","PT","SP",2,2,2,NA,NA,1,2,NA,NA,2,NA,1,NA,NA,NA,NA,NA
236,"ISRAEL PINHEIRO","PTB","MG",NA,1,2,NA,1,1,NA,NA,1,2,NA,NA,NA,NA,NA,NA,NA
132,"IVAN BURITY","PFL","PB",1,2,1,NA,2,1,NA,NA,1,NA,NA,NA,1,NA,NA,NA,NA
133,"IVANDRO CUNHA LIMA","PMDB","PB",1,2,1,1,NA,1,1,NA,1,NA,NA,2,1,1,1,1,1
442,"IVANIO GUERRA","PFL","PR",NA,NA,1,1,1,1,1,NA,1,NA,2,1,NA,1,NA,NA,NA
491,"IVO MAINARDI","PMDB","RS",1,NA,1,NA,1,1,1,NA,1,2,2,1,NA,NA,NA,1,1
191,"JABES RIBEIRO","PSDB","BA",1,2,NA,NA,1,1,2,NA,1,2,1,NA,2,NA,1,1,NA
95,"JACKSON PEREIRA","PSDB","CE",2,2,2,1,1,1,1,1,1,NA,NA,NA,NA,NA,2,NA,1
296,"JAIR BOLSONARO","PPR","RJ",1,2,1,1,1,1,3,NA,2,1,2,2,1,3,1,2,NA
192,"JAIRO AZI","PFL","BA",NA,NA,NA,NA,NA,1,1,2,NA,NA,2,2,1,1,NA,NA,NA
519,"JAIRO CARNEIRO","PFL","BA",3,1,1,1,1,1,1,2,1,2,NA,NA,NA,1,NA,1,1
297,"JAMIL HADDAD","PSB","RJ",1,2,2,1,NA,NA,NA,NA,1,2,1,2,NA,NA,NA,NA,NA
298,"JANDIRA FEGHALI","PCdoB","RJ",2,2,NA,NA,NA,NA,2,NA,NA,2,1,1,2,NA,NA,1,2
193,"JAQUES WAGNER","PT","BA",2,NA,2,NA,1,1,NA,NA,1,2,NA,1,2,NA,NA,NA,NA
465,"JARVIS GAIDZINSKI","PPR","SC",NA,NA,NA,NA,NA,NA,1,NA,1,NA,2,NA,1,NA,1,NA,NA
76,"JAYME SANTANA","PSDB","MA",2,2,2,NA,NA,1,1,NA,NA,2,NA,NA,NA,NA,NA,NA,NA
174,"JERONIMO REIS","PMN","SE",1,NA,NA,NA,1,1,NA,NA,1,NA,NA,NA,NA,NA,NA,NA,1
111,"JESUS TAJRA","PFL","PI",NA,NA,1,NA,1,1,NA,NA,1,1,2,1,NA,1,NA,1,1
194,"JOAO ALMEIDA","PMDB","BA",NA,1,1,1,1,1,NA,NA,1,2,2,2,1,1,1,1,NA
195,"JOAO ALVES","PPR","BA",NA,NA,NA,NA,NA,1,NA,NA,NA,NA,NA,NA,NA,NA,NA,NA,NA
590,"JOAO BROCHADO","PP","DF",NA,NA,NA,NA,NA,1,NA,NA,NA,NA,NA,NA,NA,NA,NA,NA,NA
196,"JOAO CARLOS BACELAR","PSC","BA",NA,NA,NA,NA,NA,NA,NA,NA,NA,NA,2,NA,1,1,NA,NA,NA
492,"JOAO DE DEUS ANTUNES","PPR","RS",1,2,NA,NA,NA,1,1,NA,NA,NA,NA,2,1,1,NA,1,NA
5,"JOAO FAGUNDES","PMDB","RR",NA,2,1,NA,3,3,1,NA,NA,2,2,NA,NA,NA,NA,1,NA
123,"JOAO FAUSTINO","PSDB","RN",2,2,NA,1,NA,3,1,NA,NA,2,NA,NA,1,1,2,3,NA
112,"JOAO HENRIQUE","PMDB","PI",1,2,NA,NA,NA,1,1,NA,1,2,2,NA,NA,NA,NA,1,1
54,"JOAO MAIA","PP","AC",1,2,NA,NA,NA,NA,NA,NA,NA,2,NA,2,1,1,NA,1,NA
354,"JOAO MELLAO NETO","PL","SP",NA,NA,3,NA,NA,NA,NA,NA,1,NA,NA,NA,NA,NA,NA,NA,1
299,"JOAO MENDES","PTB","RJ",NA,NA,1,NA,NA,1,NA,NA,NA,2,NA,NA,1,NA,NA,1,1
407,"JOAO NATAL","PMDB","GO",1,2,NA,NA,NA,NA,1,NA,1,NA,NA,NA,NA,NA,NA,NA,NA
238,"JOAO PAULO","PT","MG",NA,2,NA,NA,NA,1,NA,NA,1,2,1,NA,2,NA,NA,NA,NA
77,"JOAO RODOLFO","PPR","MA",1,2,1,NA,1,1,1,NA,1,1,2,2,1,1,NA,NA,NA
389,"JOAO TEIXEIRA","PL","MT",2,1,NA,NA,NA,NA,NA,2,1,2,NA,NA,NA,NA,1,2,1
564,"JOAO THOME","PMDB","AM",1,2,1,1,1,1,1,1,NA,NA,2,NA,1,1,NA,1,1
55,"JOAO TOTA","PPR","AC",NA,NA,NA,NA,NA,NA,NA,NA,NA,NA,NA,NA,3,1,NA,NA,NA
530,"JOAQUIM SUCENA","PTB","MT",NA,NA,NA,NA,NA,NA,NA,NA,1,NA,NA,NA,NA,NA,1,1,1
399,"JOFRAN FREJAT","PP","DF",NA,2,NA,NA,NA,NA,NA,NA,1,2,NA,NA,1,NA,NA,NA,1
390,"JONAS PINHEIRO","PFL","MT",NA,2,1,NA,NA,1,1,2,1,2,NA,1,1,1,1,1,NA
275,"JONES SANTOS NEVES","PL","ES",NA,2,NA,2,NA,1,1,NA,NA,NA,NA,1,NA,NA,NA,2,1
443,"JONI VARISCO","PMDB","PR",1,NA,1,NA,1,1,NA,1,1,NA,2,NA,1,1,NA,NA,1
197,"JONIVAL LUCAS","PFL","BA",NA,NA,NA,NA,NA,NA,1,2,NA,NA,NA,NA,NA,NA,NA,NA,NA
197,"JONIVAL LUCAS","PSD","BA",NA,2,NA,NA,NA,NA,NA,NA,NA,NA,NA,NA,NA,NA,NA,NA,NA
198,"JORGE KHOURY","PFL","BA",NA,NA,NA,1,1,NA,1,NA,1,2,NA,NA,NA,NA,1,1,1
356,"JORGE TADEU MUDALEN","PMDB","SP",1,NA,1,NA,NA,1,NA,1,NA,NA,NA,NA,NA,NA,NA,1,1
276,"JORIO DE BARROS","PMDB","ES",NA,NA,NA,NA,2,2,1,NA,1,2,2,2,1,3,NA,2,2
562,"JOSE ABRAO","PSDB","SP",2,1,NA,1,1,1,1,2,1,2,1,1,NA,NA,2,2,1
240,"JOSE ALDO","PTB","MG",1,2,NA,NA,NA,NA,NA,NA,1,NA,NA,NA,NA,NA,NA,NA,NA
563,"JOSE ANIBAL","PSDB","SP",NA,1,NA,1,1,1,1,NA,NA,NA,NA,1,1,NA,1,NA,NA
391,"JOSE AUGUSTO CURVO","PMDB","MT",NA,NA,1,NA,2,1,NA,NA,NA,NA,NA,NA,NA,NA,NA,NA,NA
239,"JOSE BELATO","PMDB","MG",1,NA,NA,NA,2,NA,1,NA,NA,2,NA,NA,NA,NA,NA,NA,NA
79,"JOSE BURNETT","PPR","MA",1,2,2,2,1,NA,1,2,NA,1,2,NA,1,NA,NA,NA,NA
199,"JOSE CARLOS ALELUIA","PFL","BA",2,1,NA,1,1,1,1,NA,1,2,2,2,NA,NA,3,1,1
301,"JOSE CARLOS COUTINHO","PDT","RJ",NA,NA,1,NA,NA,NA,NA,NA,NA,2,NA,NA,NA,NA,NA,NA,NA
78,"JOSE CARLOS SABOIA","PSB","MA",NA,NA,NA,NA,NA,NA,NA,NA,1,2,1,2,NA,1,NA,2,NA
144,"JOSE CARLOS VASCONCELLOS","PRN","PE",NA,2,NA,NA,1,1,1,NA,NA,NA,NA,NA,1,NA,NA,1,1
358,"JOSE CICOTE","PT","SP",NA,NA,NA,1,1,1,2,NA,NA,2,NA,1,NA,NA,NA,NA,NA
25,"JOSE DIOGO","PP","PA",1,2,NA,NA,NA,1,1,NA,NA,NA,2,1,1,NA,NA,NA,NA
359,"JOSE DIRCEU","PT","SP",2,2,2,NA,1,1,2,1,NA,NA,NA,1,NA,NA,2,NA,NA
40,"JOSE DUTRA","PMDB","AM",1,2,NA,1,1,NA,1,NA,1,2,2,NA,NA,1,NA,1,1
302,"JOSE EGYDIO","PL","RJ",NA,NA,1,NA,NA,1,NA,NA,NA,2,2,NA,NA,NA,NA,NA,NA
424,"JOSE ELIAS","PTB","MS",NA,NA,NA,NA,NA,1,NA,NA,1,NA,NA,NA,1,1,NA,1,NA
200,"JOSE FALCAO","PFL","BA",2,2,1,NA,1,NA,NA,NA,1,2,2,2,1,1,1,NA,1
510,"JOSE FELINTO","PP","PR",NA,NA,1,NA,NA,NA,NA,NA,NA,NA,NA,NA,NA,NA,NA,NA,NA
494,"JOSE FORTUNATI","PT","RS",NA,NA,3,1,NA,1,2,NA,3,2,1,1,3,NA,2,NA,2
360,"JOSE GENOINO","PT","SP",2,2,2,NA,1,1,2,1,NA,2,1,1,2,NA,2,NA,NA
242,"JOSE GERALDO","PMDB","MG",NA,NA,NA,3,1,NA,1,2,1,2,NA,NA,NA,NA,NA,NA,NA
145,"JOSE JORGE","PFL","PE",NA,1,1,1,1,1,NA,NA,1,NA,NA,NA,1,NA,NA,1,NA
96,"JOSE LINHARES","PP","CE",1,2,1,NA,1,NA,NA,1,NA,2,NA,NA,1,1,NA,2,NA
201,"JOSE LOURENCO","PPR","BA",NA,NA,NA,NA,1,1,1,NA,1,NA,NA,NA,NA,1,NA,NA,NA
134,"JOSE LUIZ CLEROT","PMDB","PB",1,2,1,NA,2,NA,1,NA,1,2,2,2,NA,1,1,1,1
114,"JOSE LUIZ MAIA","PPR","PI",NA,NA,NA,NA,NA,1,1,NA,1,1,2,2,1,1,NA,1,1
136,"JOSE MARANHAO","PMDB","PB",NA,2,NA,1,NA,1,1,NA,1,NA,NA,NA,NA,NA,NA,1,1
363,"JOSE MARIA EYMAEL","PPR","SP",NA,NA,1,NA,NA,NA,NA,NA,1,NA,NA,1,1,1,NA,1,1
146,"JOSE MENDONCA BEZERRA","PFL","PE",NA,NA,1,NA,NA,1,1,1,NA,2,2,1,1,NA,NA,NA,NA
147,"JOSE MUCIO MONTEIRO","PFL","PE",NA,2,1,NA,1,NA,1,2,NA,NA,NA,NA,NA,NA,NA,NA,NA
80,"JOSE REINALDO","PFL","MA",1,2,1,NA,3,1,NA,NA,1,NA,2,NA,NA,NA,NA,1,NA
244,"JOSE REZENDE","PTB","MG",NA,NA,NA,NA,NA,NA,NA,NA,1,2,2,NA,1,1,1,1,1
245,"JOSE SANTANA DE VASCONCELLOS","PFL","MG",1,NA,1,1,1,1,1,NA,1,2,NA,NA,1,1,NA,1,1
366,"JOSE SERRA","PSDB","SP",NA,1,2,NA,1,1,1,2,1,2,2,1,NA,NA,NA,NA,NA
177,"JOSE TELES","PPR","SE",NA,NA,1,1,NA,1,1,NA,1,NA,2,NA,1,1,NA,1,1
166,"JOSE THOMAZ NONO","PMDB","AL",1,2,1,NA,1,NA,1,NA,NA,NA,3,2,NA,1,NA,1,NA
524,"JOSE ULISSES DE OLIVEIRA","PTB","MG",NA,2,1,1,1,1,1,NA,NA,2,2,2,1,NA,NA,NA,NA
304,"JOSE VICENTE BRIZOLA","PDT","RJ",NA,NA,NA,NA,2,2,1,NA,NA,NA,1,NA,NA,NA,NA,NA,NA
2,"JULIO CABRAL","PP","RR",NA,NA,1,NA,NA,NA,1,NA,NA,NA,NA,NA,NA,NA,NA,NA,NA
305,"JUNOT ABI RAMIA","PDT","RJ",1,2,1,NA,NA,2,1,1,2,2,1,1,1,NA,NA,NA,NA
203,"JUTAHY JUNIOR","PSDB","BA",2,NA,NA,1,1,1,1,NA,1,2,1,2,3,NA,NA,1,1
368,"KOYU IHA","PSDB","SP",NA,2,2,NA,1,NA,1,NA,NA,NA,1,NA,NA,NA,1,NA,1
246,"LAEL VARELLA","PFL","MG",1,NA,1,1,NA,1,NA,NA,NA,1,NA,NA,1,NA,NA,NA,1
516,"LAERTE BASTOS","PSDB","RJ",2,1,2,NA,NA,1,NA,NA,1,2,NA,1,NA,NA,NA,NA,NA
124,"LAIRE ROSADO","PMDB","RN",1,2,1,NA,NA,1,1,NA,1,2,NA,NA,NA,NA,NA,NA,NA
311,"LAPROVITA VIEIRA","PP","RJ",1,NA,3,NA,1,1,NA,NA,NA,NA,2,NA,NA,NA,NA,NA,1
409,"LAZARO BARBOSA","PMDB","GO",1,2,1,NA,NA,1,NA,NA,1,NA,NA,2,NA,NA,NA,1,1
63,"LEOMAR QUINTANILHA","PPR","TO",1,2,NA,NA,NA,1,NA,1,1,2,NA,2,1,NA,NA,1,1
247,"LEOPOLDO BESSONE","PTB","MG",NA,NA,NA,NA,NA,NA,1,2,NA,NA,NA,NA,1,NA,NA,1,1
204,"LEUR LOMANTO","PFL","BA",NA,NA,NA,1,NA,1,NA,2,1,2,2,NA,NA,NA,NA,1,1
568,"LEZIO SATHLER","PSDB","ES",NA,2,1,NA,1,1,1,1,1,NA,1,1,NA,NA,1,NA,NA
362,"LIBERATO CABOCLO","PDT","SP",NA,2,1,1,NA,1,NA,NA,1,2,NA,NA,NA,NA,1,NA,NA
13,"LOURIVAL FREITAS","PT","AP",2,2,2,1,1,NA,2,1,1,2,1,1,2,NA,2,NA,NA
466,"LUCI CHOINACKI","PT","SC",2,2,2,NA,NA,NA,NA,NA,1,NA,NA,1,NA,NA,2,2,NA
127,"LUCIA BRAGA","PDT","PB",NA,NA,NA,NA,NA,2,NA,NA,NA,NA,NA,NA,NA,NA,NA,NA,NA
410,"LUCIA VANIA","PP","GO",NA,NA,NA,NA,NA,NA,NA,NA,NA,NA,NA,NA,NA,NA,NA,1,NA
558,"LUCIANO CASTRO","PPR","RR",NA,2,1,NA,1,NA,NA,NA,1,NA,NA,NA,NA,NA,1,2,NA
444,"LUCIANO PIZZATTO","PFL","PR",NA,NA,1,NA,NA,1,NA,NA,1,NA,2,NA,NA,NA,1,NA,NA
205,"LUIS EDUARDO","PFL","BA",2,1,2,1,NA,1,1,NA,1,2,2,2,1,NA,NA,1,1
495,"LUIS ROBERTO PONTE","PMDB","RS",NA,NA,1,NA,1,1,1,NA,1,2,2,2,1,NA,NA,1,1
445,"LUIZ CARLOS HAULY","PP","PR",NA,1,1,2,2,NA,1,NA,1,2,NA,2,1,1,1,1,NA
369,"LUIZ CARLOS SANTOS","PMDB","SP",3,NA,NA,NA,1,NA,NA,NA,NA,2,NA,1,1,NA,NA,1,1
167,"LUIZ DANTAS","PSD","AL",NA,NA,NA,NA,NA,NA,NA,NA,NA,NA,NA,NA,NA,NA,NA,1,NA
101,"LUIZ GIRAO","PDT","CE",1,NA,1,NA,1,1,1,NA,NA,2,NA,NA,NA,NA,NA,NA,NA
370,"LUIZ GUSHIKEN","PT","SP",NA,2,2,NA,NA,NA,NA,1,1,2,1,1,2,NA,NA,NA,NA
467,"LUIZ HENRIQUE","PMDB","SC",NA,NA,1,NA,1,1,1,NA,1,2,NA,2,1,NA,NA,1,1
561,"LUIZ MAXIMO","PSDB","SP",2,NA,2,1,1,1,1,NA,1,2,1,1,NA,NA,NA,2,1
207,"LUIZ MOREIRA","PFL","BA",NA,NA,1,1,1,1,1,2,1,2,NA,2,1,NA,1,1,1
148,"LUIZ PIAUHYLINO","PSB","PE",2,2,2,1,2,1,2,NA,1,NA,NA,2,NA,1,NA,1,1
99,"LUIZ PONTES","PSDB","CE",NA,NA,2,NA,NA,1,1,1,NA,NA,1,NA,NA,NA,NA,NA,NA
306,"LUIZ SALOMAO","PDT","RJ",1,2,1,NA,NA,1,1,NA,2,2,NA,1,NA,NA,NA,NA,1
514,"LUIZ SOYER","PMDB","GO",1,2,NA,NA,NA,1,1,NA,NA,NA,NA,NA,NA,NA,NA,NA,NA
208,"LUIZ VIANA NETO","PFL","BA",NA,NA,1,NA,NA,1,1,2,NA,2,NA,NA,NA,NA,NA,NA,1
355,"MALULY NETTO","PFL","SP",NA,NA,1,1,1,NA,1,2,1,2,2,1,NA,NA,NA,1,1
210,"MANOEL CASTRO","PFL","BA",NA,1,NA,NA,1,1,1,NA,1,NA,NA,2,1,NA,NA,1,1
26,"MANOEL RIBEIRO","PMDB","PA",NA,NA,NA,NA,NA,NA,NA,NA,1,NA,NA,NA,1,1,NA,1,1
372,"MARCELINO ROMANO MACHADO","PPR","SP",1,2,1,1,NA,NA,NA,2,NA,1,2,1,1,1,1,2,1
373,"MARCELO BARBIERI","PMDB","SP",1,2,NA,NA,1,NA,NA,1,NA,2,NA,NA,NA,1,NA,NA,1
6,"MARCELO LUZ","PP","RR",1,NA,1,1,3,NA,1,1,NA,NA,2,2,NA,1,NA,NA,NA
308,"MARCIA CIBILIS VIANNA","PDT","RJ",NA,2,NA,NA,NA,NA,1,1,NA,NA,NA,NA,NA,NA,NA,NA,NA
102,"MARCO PENAFORTE","PSDB","CE",2,1,2,1,1,1,1,NA,1,2,NA,1,NA,NA,NA,2,NA
591,"MARCOS FORMIGA","PSDB","RN",NA,NA,NA,NA,NA,NA,NA,NA,1,2,1,NA,1,1,2,1,1
249,"MARCOS LIMA","PMDB","MG",1,NA,1,NA,1,1,1,1,1,2,2,2,NA,1,1,NA,NA
211,"MARCOS MEDRADO","PP","BA",NA,NA,1,2,1,1,1,NA,1,NA,NA,NA,NA,NA,NA,NA,1
401,"MARIA LAURA","PT","DF",2,2,NA,NA,NA,NA,2,NA,NA,2,NA,1,2,NA,NA,NA,NA
103,"MARIA LUIZA FONTENELE","PSTU","CE",2,NA,NA,NA,NA,NA,2,3,1,NA,1,NA,NA,NA,NA,NA,NA
103,"MARIA LUIZA FONTENELE",NA,"CE",NA,2,NA,NA,NA,NA,NA,NA,NA,NA,NA,NA,NA,NA,NA,NA,NA
411,"MARIA VALADAO","PPR","GO",1,2,1,1,NA,NA,1,NA,1,NA,2,2,3,1,NA,NA,NA
425,"MARILU GUIMARAES","PFL","MS",NA,NA,1,1,1,NA,1,2,NA,NA,NA,NA,NA,NA,NA,1,NA
517,"MARINO CLINGER","PDT","RJ",NA,2,1,NA,NA,NA,NA,NA,2,NA,NA,2,2,NA,1,NA,1
250,"MARIO ASSAD","PFL","MG",NA,NA,NA,NA,NA,NA,NA,NA,1,2,2,2,1,1,NA,1,1
29,"MARIO CHERMONT","PP","PA",1,NA,1,NA,NA,1,1,NA,NA,NA,NA,NA,1,NA,NA,1,NA
251,"MARIO DE OLIVEIRA","PP","MG",NA,NA,1,NA,1,1,1,NA,NA,NA,NA,2,NA,NA,NA,NA,NA
28,"MARIO MARTINS","PMDB","PA",NA,NA,NA,NA,NA,1,NA,NA,NA,2,NA,2,NA,NA,NA,1,NA
446,"MATHUES IENSEN","PSD","PR",NA,NA,1,NA,NA,1,NA,NA,NA,NA,NA,NA,1,NA,NA,NA,NA
58,"MAURI SERGIO","PMDB","AC",1,2,NA,NA,NA,NA,1,NA,NA,NA,2,NA,NA,NA,NA,1,1
374,"MAURICI MARIANO","PMDB","SP",NA,NA,1,1,1,1,NA,1,NA,2,2,NA,NA,NA,NA,1,NA
47,"MAURICIO CALIXTO","PFL","RO",NA,NA,2,1,NA,1,1,2,1,2,NA,1,1,1,NA,NA,1
252,"MAURICIO CAMPOS","PL","MG",1,2,1,2,NA,1,1,NA,NA,NA,2,NA,NA,NA,NA,2,1
573,"MAURICIO NAJAR","PFL","SP",NA,NA,NA,1,1,1,1,NA,1,2,2,NA,1,1,1,2,1
149,"MAURILIO FERREIRA LIMA","PSDB","PE",1,NA,1,1,NA,NA,NA,NA,1,2,NA,NA,NA,NA,NA,1,1
412,"MAURO BORGES","PP","GO",NA,1,1,NA,NA,1,1,NA,NA,NA,NA,NA,1,NA,NA,NA,NA
553,"MAURO FECURY","PFL","MA",NA,NA,NA,NA,NA,NA,NA,NA,NA,NA,NA,NA,1,NA,NA,1,1
413,"MAURO MIRANDA","PMDB","GO",NA,NA,1,NA,NA,1,NA,NA,1,NA,NA,NA,NA,NA,NA,1,NA
97,"MAURO SAMPAIO","PMDB","CE",1,NA,NA,NA,1,1,NA,NA,NA,NA,2,NA,1,1,NA,1,NA
97,"MAURO SAMPAIO","PSDB","CE",NA,2,NA,NA,NA,NA,NA,NA,NA,NA,NA,NA,NA,NA,NA,NA,NA
150,"MAVIAEL CAVALCANTI","PFL","PE",NA,NA,1,NA,NA,1,NA,NA,NA,2,NA,NA,1,NA,NA,NA,1
447,"MAX ROSENMANN","PDT","PR",1,2,NA,NA,NA,1,NA,NA,1,NA,NA,NA,1,NA,2,NA,NA
364,"MENDES BOTELHO","PP","SP",NA,NA,1,NA,NA,1,1,NA,NA,NA,2,NA,NA,NA,NA,NA,NA
493,"MENDES RIBEIRO","PMDB","RS",NA,NA,1,1,1,1,1,1,1,NA,NA,NA,NA,NA,NA,2,2
164,"MENDONCA NETO","PDT","AL",NA,NA,NA,NA,NA,NA,NA,NA,1,NA,NA,NA,NA,NA,NA,NA,NA
64,"MERVAL PIMENTA","PMDB","TO",1,2,1,NA,NA,NA,1,NA,1,2,2,2,1,1,1,NA,NA
178,"MESSIAS GOIS","PFL","SE",2,1,NA,NA,1,1,1,NA,1,2,3,2,1,1,NA,1,1
597,"MESSIAS SOARES","PDT","RJ",NA,NA,NA,NA,NA,NA,NA,NA,NA,NA,NA,1,NA,NA,NA,1,NA
594,"MICHEL TEMER","PMDB","SP",NA,NA,NA,NA,NA,NA,NA,NA,1,NA,2,2,1,1,1,1,1
151,"MIGUEL ARRAES","PSB","PE",NA,NA,2,NA,1,NA,NA,NA,1,NA,NA,NA,NA,NA,NA,NA,NA
326,"MIRO TEIXEIRA","PDT","RJ",1,2,NA,NA,1,NA,NA,1,2,2,1,1,2,NA,1,NA,NA
565,"MOACIR MICHELETTO","PMDB","PR",NA,NA,NA,1,NA,1,NA,NA,1,2,NA,NA,1,1,NA,1,NA
104,"MORONI TORGAN","PSDB","CE",NA,NA,NA,1,NA,NA,NA,NA,1,2,1,1,1,1,NA,NA,1
451,"MUNHOZ DA ROCHA","PSDB","PR",2,2,2,NA,1,1,1,1,NA,NA,NA,2,1,NA,NA,2,1
14,"MURILO PINHEIRO","PFL","AP",1,2,1,NA,3,3,1,2,1,2,NA,1,3,1,1,3,NA
115,"MURILO REZENDE","PMDB","PI",1,2,1,1,1,1,1,NA,1,2,2,2,1,1,NA,1,1
116,"MUSSA DEMES","PFL","PI",NA,1,NA,NA,NA,1,NA,NA,1,NA,NA,NA,NA,1,NA,1,1
73,"NAN SOUZA","PP","MA",3,2,2,NA,NA,3,NA,NA,NA,2,NA,NA,NA,1,NA,1,1
414,"NAPHTALI ALVES DE SOUZA","PMDB","GO",NA,NA,NA,NA,NA,NA,NA,NA,1,2,2,2,NA,NA,1,1,NA
243,"NEIF JABUR","PMDB","MG",NA,NA,NA,1,1,1,NA,NA,1,2,2,NA,1,1,NA,NA,NA
586,"NEIVA MOREIRA","PDT","MA",1,NA,NA,NA,NA,1,NA,1,NA,NA,NA,NA,NA,NA,NA,NA,NA
310,"NELSON BORNIER","PL","RJ",2,NA,2,2,NA,1,1,NA,NA,2,NA,NA,NA,NA,NA,2,NA
496,"NELSON JOBIM","PMDB","RS",NA,1,NA,NA,NA,NA,1,NA,NA,2,2,1,1,1,NA,1,NA
375,"NELSON MARQUEZELLI","PTB","SP",NA,1,1,2,1,1,NA,NA,1,2,NA,2,NA,1,1,1,1
468,"NELSON MORRO","PFL","SC",2,NA,1,NA,NA,NA,NA,NA,1,NA,NA,3,NA,NA,NA,3,NA
497,"NELSON PROENCA","PMDB","RS",NA,NA,1,NA,NA,NA,NA,NA,NA,2,2,2,1,NA,NA,NA,NA
426,"NELSON TRAD","PTB","MS",NA,NA,NA,1,1,1,NA,2,NA,2,2,1,1,1,NA,1,1
212,"NESTOR DUARTE","PMDB","BA",1,NA,1,1,1,2,1,NA,NA,NA,2,NA,1,NA,1,1,NA
469,"NEUTO DE CONTO","PMDB","SC",NA,2,1,1,NA,1,1,NA,NA,NA,2,2,NA,NA,NA,NA,1
125,"NEY LOPES","PFL","RN",NA,NA,NA,NA,NA,NA,1,NA,NA,NA,NA,NA,1,1,NA,1,NA
30,"NICIAS RIBEIRO","PMDB","PA",NA,NA,NA,NA,NA,NA,1,NA,NA,NA,2,2,NA,1,NA,1,1
253,"NILMARIO MIRANDA","PT","MG",2,NA,NA,1,NA,1,NA,NA,1,2,NA,NA,NA,NA,NA,NA,NA
152,"NILSON GIBSON","PMDB","PE",1,2,1,1,NA,NA,NA,NA,NA,NA,NA,NA,NA,NA,NA,NA,NA
152,"NILSON GIBSON","PMN","PE",NA,NA,NA,NA,1,1,3,1,3,2,1,1,1,NA,NA,NA,NA
277,"NILTON BAIANO","PMDB","ES",NA,NA,1,NA,NA,1,1,NA,NA,2,2,2,NA,NA,NA,1,1
498,"ODACIR KLEIN","PMDB","RS",1,NA,1,1,1,1,NA,1,1,2,2,2,1,1,1,1,1
254,"ODELMO LEAO","PP","MG",1,NA,1,NA,1,1,1,NA,NA,2,2,2,1,2,NA,NA,1
168,"OLAVO CALHEIROS","PMDB","AL",NA,NA,NA,NA,NA,NA,NA,NA,NA,NA,NA,NA,2,NA,NA,1,NA
105,"ORLANDO BEZERRA","PFL","CE",2,1,1,NA,1,1,NA,NA,NA,NA,NA,NA,NA,NA,NA,NA,NA
520,"ORLANDO PACHECO","PSD","SC",1,NA,NA,NA,NA,NA,NA,2,1,1,2,NA,NA,1,NA,1,NA
393,"OSCAR TRAVASSOS","PL","MT",NA,2,NA,1,1,NA,1,NA,NA,NA,NA,NA,NA,NA,NA,NA,NA
255,"OSMANIO PEREIRA","PSDB","MG",NA,2,2,NA,NA,1,1,1,1,2,NA,1,1,NA,2,2,1
402,"OSORIO ADRIANO","PFL","DF",NA,2,1,1,NA,NA,NA,NA,1,2,NA,NA,1,NA,1,1,NA
499,"OSVALDO BENDER","PPR","RS",NA,NA,1,NA,1,1,1,NA,NA,NA,NA,NA,NA,NA,NA,NA,NA
153,"OSVALDO COELHO","PFL","PE",NA,NA,1,NA,1,NA,NA,NA,NA,2,NA,NA,NA,NA,NA,NA,NA
31,"OSVALDO MELO","PPR","PA",NA,NA,NA,NA,NA,1,NA,NA,NA,NA,NA,NA,NA,NA,NA,NA,NA
65,"OSVALDO REIS","PP","TO",NA,NA,NA,NA,1,NA,NA,NA,NA,NA,2,2,NA,NA,NA,1,1
376,"OSWALDO STECCA","PMDB","SP",NA,NA,1,1,1,NA,NA,1,1,NA,2,1,1,NA,NA,3,1
449,"OTTO CUNHA","PPR","PR",1,NA,1,NA,1,NA,NA,NA,1,NA,NA,2,1,1,1,2,1
113,"PAES LANDIM","PFL","PI",NA,NA,NA,NA,NA,NA,NA,NA,NA,NA,NA,NA,1,NA,NA,1,NA
48,"PASCOAL NOVAES","PSD","RO",NA,NA,1,NA,NA,NA,NA,NA,NA,NA,NA,NA,NA,1,NA,NA,1
41,"PAUDERNEY AVELINO","PPR","AM",NA,2,NA,1,2,1,NA,NA,NA,2,2,NA,NA,NA,1,1,NA
256,"PAULINO CICERO DE VASCONCELOS","PSDB","MG",2,2,2,1,1,1,1,1,1,2,1,NA,1,1,NA,1,1
471,"PAULO BAUER","PPR","SC",NA,NA,NA,NA,NA,NA,NA,NA,1,1,NA,2,NA,NA,1,2,NA
450,"PAULO BERNARDO","PT","PR",2,NA,NA,NA,NA,2,NA,NA,NA,NA,NA,1,NA,NA,NA,NA,NA
314,"PAULO DE ALMEIDA","PSD","RJ",NA,2,NA,NA,NA,1,NA,2,NA,NA,NA,1,1,1,NA,NA,NA
257,"PAULO DELGADO","PT","MG",NA,NA,2,1,1,1,2,1,1,NA,NA,1,2,NA,NA,NA,NA
470,"PAULO DUARTE","PPR","SC",1,2,1,1,NA,1,NA,NA,NA,1,NA,NA,1,1,NA,2,1
258,"PAULO HESLANDER","PTB","MG",2,2,2,1,NA,NA,1,1,1,2,NA,NA,1,NA,NA,1,2
542,"PAULO LIMA","PSC","SP",NA,NA,1,NA,NA,NA,1,NA,NA,NA,NA,NA,NA,NA,NA,NA,NA
416,"PAULO MANDARINO","PPR","GO",1,NA,1,3,1,NA,1,NA,1,NA,2,2,NA,1,NA,NA,NA
66,"PAULO MOURAO","PPR","TO",NA,NA,1,NA,1,1,NA,2,NA,1,NA,NA,1,NA,NA,NA,NA
550,"PAULO NOVAES","PMDB","SP",NA,NA,1,NA,1,NA,1,NA,1,2,NA,2,NA,NA,NA,1,1
403,"PAULO OCTAVIO","PRN","DF",NA,NA,NA,2,NA,1,NA,NA,NA,NA,NA,2,3,NA,NA,NA,NA
403,"PAULO OCTAVIO","PTB","DF",NA,NA,NA,NA,NA,NA,NA,NA,NA,NA,NA,NA,NA,NA,NA,2,NA
500,"PAULO PAIM","PT","RS",1,2,2,1,1,1,2,NA,1,2,1,1,2,2,NA,NA,NA
315,"PAULO PORTUGAL","PP","RJ",NA,NA,1,NA,2,NA,NA,NA,NA,NA,NA,2,1,1,NA,1,1
527,"PAULO RAMOS","PDT","RJ",1,NA,NA,1,2,2,1,NA,2,2,NA,NA,2,NA,NA,NA,NA
32,"PAULO ROCHA","PT","PA",2,2,NA,1,1,1,2,1,NA,NA,NA,1,NA,NA,NA,NA,NA
531,"PAULO ROMANO","PSC","MG",1,NA,NA,NA,NA,1,NA,NA,NA,NA,NA,NA,NA,NA,NA,NA,NA
117,"PAULO SILVA","PSDB","PI",NA,NA,NA,NA,NA,1,2,NA,NA,2,1,2,1,1,1,1,1
33,"PAULO TITAN","PMDB","PA",1,2,NA,1,1,3,NA,NA,1,2,2,2,1,2,NA,1,NA
417,"PEDRO ABRAO","PTB","GO",NA,NA,NA,NA,NA,NA,NA,1,NA,2,NA,NA,NA,1,1,1,1
154,"PEDRO CORREA","PFL","PE",NA,1,1,NA,NA,1,NA,NA,NA,NA,NA,1,NA,1,NA,NA,NA
213,"PEDRO IRUJO","PMDB","BA",2,2,1,NA,1,1,1,1,1,2,2,2,1,NA,NA,2,1
83,"PEDRO NOVAIS","PMDB","MA",NA,NA,NA,NA,NA,2,1,NA,1,NA,NA,NA,NA,NA,1,3,3
83,"PEDRO NOVAIS","PSD","MA",NA,1,NA,NA,NA,NA,NA,NA,NA,NA,NA,NA,NA,NA,NA,NA,NA
378,"PEDRO PAVAO","PPR","SP",NA,2,NA,NA,1,NA,1,2,NA,NA,NA,2,1,NA,NA,NA,1
521,"PEDRO TASSIS","PMDB","MG",NA,NA,NA,NA,NA,NA,NA,NA,NA,NA,NA,NA,1,1,NA,1,1
452,"PEDRO TONELLI","PT","PR",2,2,2,NA,1,NA,2,1,1,2,1,1,2,NA,2,NA,NA
179,"PEDRO VALADARES","PP","SE",1,2,NA,1,2,1,1,NA,1,NA,NA,NA,2,NA,NA,NA,1
598,"PHILEMON RODRIGUES","PTB","MG",NA,NA,NA,NA,NA,NA,NA,NA,NA,NA,NA,NA,NA,NA,3,1,1
432,"PINGA FOGO DE OLIVEIRA","PDT","PR",1,NA,1,NA,NA,NA,NA,NA,NA,NA,NA,NA,NA,NA,NA,NA,NA
94,"PINHEIRO LANDIM","PMDB","CE",NA,NA,1,NA,1,1,1,NA,NA,NA,NA,NA,NA,1,NA,1,1
206,"PRISCO VIANA","PPR","BA",NA,2,NA,NA,1,NA,1,2,1,1,1,2,1,1,NA,1,1
260,"RAUL BELEM","PP","MG",NA,NA,NA,2,NA,1,NA,NA,NA,NA,NA,NA,NA,1,NA,1,1
50,"REDITARIO CASSOL","PP","RO",1,NA,1,1,1,1,1,NA,NA,2,NA,NA,1,1,NA,NA,NA
316,"REGINA GORDILHO","PRONA","RJ",NA,NA,NA,NA,NA,1,NA,NA,NA,NA,NA,NA,NA,NA,NA,NA,NA
453,"REINHOLD STEPHANES","PFL","PR",NA,2,1,NA,1,1,NA,NA,1,1,NA,2,NA,1,NA,NA,1
454,"RENATO JOHNSSON","PP","PR",1,NA,NA,NA,NA,1,NA,NA,1,NA,NA,NA,NA,1,NA,1,NA
155,"RENILDO CALHEIROS","PCdoB","PE",3,2,1,1,NA,NA,2,NA,NA,2,1,1,NA,2,NA,1,2
202,"RIBEIRO TAVARES","PL","BA",NA,NA,1,2,NA,NA,NA,NA,NA,2,2,NA,NA,NA,NA,NA,1
583,"RICARDO CORREA","PL","MT",NA,1,1,1,NA,1,1,2,NA,NA,NA,NA,NA,NA,NA,NA,NA
156,"RICARDO FIUZA","PFL","PE",NA,NA,NA,NA,NA,NA,NA,NA,NA,NA,NA,NA,NA,NA,NA,1,1
42,"RICARDO MORAES","PSB","AM",2,NA,NA,NA,2,1,NA,NA,1,NA,2,NA,NA,NA,NA,NA,NA
42,"RICARDO MORAES",NA,"AM",NA,2,NA,NA,NA,NA,NA,NA,NA,NA,NA,NA,NA,NA,NA,NA,NA
84,"RICARDO MURAD","PSD","MA",NA,NA,NA,NA,NA,1,NA,NA,NA,NA,NA,NA,NA,NA,NA,NA,NA
279,"RITA CAMATA","PMDB","ES",1,NA,1,NA,1,NA,1,NA,1,2,2,2,NA,NA,NA,1,1
137,"RIVALDO MEDEIROS","PFL","PB",3,NA,NA,NA,NA,1,1,NA,NA,2,NA,NA,1,NA,1,NA,1
418,"ROBERTO BALESTRA","PPR","GO",3,NA,1,NA,NA,NA,NA,NA,1,NA,NA,NA,1,NA,NA,3,NA
261,"ROBERTO BRANT","PTB","MG",NA,NA,NA,NA,NA,NA,NA,NA,1,2,2,1,NA,NA,NA,NA,NA
318,"ROBERTO CAMPOS","PPR","RJ",NA,NA,NA,NA,NA,1,1,NA,NA,NA,NA,2,NA,NA,NA,2,NA
157,"ROBERTO FRANCA","PSB","PE",2,2,2,1,NA,1,1,NA,1,2,1,2,NA,1,3,1,NA
158,"ROBERTO FREIRE","PPS","PE",1,2,NA,1,NA,1,NA,NA,1,NA,NA,NA,1,1,NA,NA,1
317,"ROBERTO JEFFERSON","PTB","RJ",NA,NA,NA,2,NA,NA,1,NA,NA,NA,NA,NA,2,1,NA,NA,1
159,"ROBERTO MAGALHAES","PFL","PE",NA,NA,NA,NA,NA,1,1,NA,NA,NA,2,1,NA,NA,NA,NA,NA
518,"ROBERTO ROLLEMBERG","PMDB","SP",NA,2,1,1,NA,NA,1,NA,NA,NA,1,1,NA,NA,NA,NA,NA
169,"ROBERTO TORRES","PTB","AL",1,2,1,NA,NA,1,1,2,NA,2,NA,NA,1,1,1,1,NA
280,"ROBERTO VALADAO","PMDB","ES",NA,2,1,NA,1,1,1,NA,1,2,NA,2,NA,NA,NA,NA,2
381,"ROBSON TUMA","PL","SP",NA,NA,NA,2,2,NA,NA,1,1,2,2,1,1,1,NA,2,1
392,"RODRIGUES PALMA","PTB","MT",1,2,1,NA,1,1,1,2,1,2,NA,NA,1,NA,1,1,1
262,"ROMEL ANISIO","PP","MG",NA,NA,1,NA,NA,1,1,NA,NA,2,NA,1,1,1,NA,NA,1
419,"RONALDO CAIADO","PFL","GO",1,2,1,NA,NA,1,NA,2,1,NA,NA,2,1,1,1,NA,NA
523,"RONALDO PERIM","PMDB","MG",1,2,1,NA,NA,1,1,NA,1,2,2,1,NA,NA,1,2,1
56,"RONIVON SANTIAGO","PPR","AC",3,2,1,1,NA,NA,NA,NA,NA,2,2,NA,NA,1,NA,1,NA
281,"ROSE DE FREITAS","PSDB","ES",1,2,NA,1,1,1,NA,1,1,2,NA,2,NA,NA,NA,NA,NA
85,"ROSEANA SARNEY","PFL","MA",NA,NA,NA,NA,1,1,NA,NA,NA,NA,NA,NA,1,NA,NA,NA,NA
319,"RUBEM MEDINA","PFL","RJ",NA,1,NA,NA,NA,1,NA,2,NA,2,NA,1,1,1,NA,NA,NA
8,"RUBEN BENTO","PFL","RR",NA,NA,1,1,1,NA,1,1,1,2,NA,1,1,1,NA,2,NA
473,"RUBERVAL PILOTTO","PPR","SC",NA,NA,NA,1,1,1,1,2,NA,NA,NA,NA,NA,NA,NA,NA,NA
160,"SALATIEL CARVALHO","PP","PE",1,2,NA,NA,NA,3,NA,NA,1,2,NA,1,NA,NA,NA,1,NA
263,"SAMIR TANNUS","PPR","MG",1,2,1,NA,1,NA,1,NA,1,NA,NA,NA,NA,NA,NA,1,1
320,"SANDRA CAVALCANTI","PPR","RJ",2,1,1,1,NA,1,1,2,NA,NA,NA,NA,NA,NA,1,1,1
264,"SANDRA STARLING","PT","MG",2,2,2,1,1,1,2,NA,1,2,NA,1,NA,NA,NA,NA,NA
81,"SARNEY FILHO","PFL","MA",1,2,NA,1,NA,1,1,1,1,2,NA,NA,1,NA,NA,1,NA
265,"SAULO COELHO","PSDB","MG",2,NA,2,NA,1,1,1,NA,NA,2,1,1,NA,NA,NA,2,1
284,"SERGIO AROUCA","PPS","RJ",1,2,NA,1,NA,1,1,1,1,NA,NA,1,1,1,1,2,NA
15,"SERGIO BARCELLOS","PFL","AP",NA,1,NA,NA,3,NA,NA,NA,NA,2,NA,NA,1,1,NA,1,NA
215,"SERGIO BRITO","PSD","BA",NA,NA,NA,NA,NA,NA,1,NA,NA,NA,NA,NA,NA,NA,NA,NA,NA
321,"SERGIO CURY","PDT","RJ",NA,2,NA,NA,NA,2,NA,NA,NA,NA,NA,1,2,NA,NA,NA,1
567,"SERGIO FERRARA","PDT","MG",1,NA,1,NA,NA,NA,NA,NA,NA,NA,NA,NA,NA,NA,NA,NA,NA
567,"SERGIO FERRARA","PMDB","MG",NA,2,NA,NA,NA,NA,NA,NA,NA,NA,NA,NA,NA,NA,NA,NA,NA
216,"SERGIO GAUDENZI","PSDB","BA",2,2,2,1,1,1,2,1,1,2,1,2,2,NA,1,NA,1
161,"SERGIO GUERRA","PSB","PE",NA,2,2,NA,1,1,NA,NA,NA,NA,NA,NA,3,NA,1,1,1
98,"SERGIO MACHADO","PSDB","CE",NA,1,NA,1,1,1,NA,NA,NA,NA,NA,1,NA,NA,NA,NA,1
577,"SERGIO MIRANDA","PCdoB","MG",2,2,2,NA,NA,1,2,NA,1,2,1,1,2,2,NA,1,2
266,"SERGIO NAYA","PP","MG",NA,NA,NA,1,NA,1,NA,NA,NA,2,NA,NA,NA,NA,NA,1,1
570,"SERGIO SPADA","PP","PR",NA,NA,NA,NA,1,1,3,1,NA,NA,NA,NA,NA,NA,NA,NA,NA
322,"SIDNEY DE MIGUEL","PV","RJ",NA,NA,2,NA,3,NA,1,NA,1,2,NA,1,2,NA,1,NA,NA
400,"SIGMARINGA SEIXAS","PSDB","DF",NA,NA,2,1,1,1,1,1,NA,2,1,1,1,NA,NA,NA,NA
323,"SIMAO SESSIM","PPR","RJ",NA,NA,NA,NA,NA,NA,NA,NA,NA,2,2,1,1,1,NA,NA,1
27,"SOCORRO GOMES","PCdoB","PA",2,NA,NA,1,NA,1,2,NA,NA,NA,1,1,1,2,NA,NA,2
383,"TADASHI KURIKI","PPR","SP",1,2,1,NA,1,1,NA,2,1,1,NA,2,NA,NA,1,NA,1
259,"TARCISIO DELGADO","PMDB","MG",1,2,1,NA,1,NA,NA,1,NA,NA,2,2,1,NA,1,1,1
502,"TELMO KIRST","PPR","RS",1,NA,1,NA,NA,1,NA,2,1,1,NA,2,1,1,NA,NA,1
267,"TILDEN SANTIAGO","PT","MG",NA,2,NA,NA,NA,1,2,NA,1,2,1,1,2,NA,NA,NA,NA
539,"TOURINHO DANTAS","PFL","BA",2,NA,NA,NA,NA,1,1,NA,1,NA,2,NA,3,NA,NA,1,1
361,"TUGA ANGERAMI","PSDB","SP",2,2,2,1,1,1,1,1,1,2,1,1,1,1,2,2,2
106,"UBIRATAN AGUIAR","PSDB","CE",NA,NA,2,1,1,1,1,1,NA,2,1,NA,1,1,NA,NA,NA
217,"ULDURICO PINTO","PSB","BA",NA,2,2,1,1,1,2,NA,NA,2,1,NA,2,NA,NA,NA,NA
342,"VADAO GOMES","PP","SP",1,NA,NA,NA,2,1,NA,NA,NA,NA,NA,2,1,1,NA,1,NA
385,"VALDEMAR COSTA NETO","PL","SP",NA,1,1,NA,NA,1,1,NA,NA,NA,NA,3,NA,1,1,2,1
16,"VALDENOR GUEDES","PP","AP",1,2,NA,NA,1,NA,1,NA,1,2,2,2,NA,NA,1,1,1
557,"VALDIR COLATTO","PMDB","SC",NA,2,1,1,2,NA,NA,NA,1,1,NA,2,NA,3,NA,1,1
34,"VALDIR GANZER","PT","PA",NA,NA,NA,1,NA,NA,2,1,NA,NA,NA,NA,NA,NA,NA,NA,NA
503,"VALDOMIRO LIMA","PDT","RS",NA,2,NA,NA,NA,NA,1,1,NA,2,NA,1,NA,1,NA,NA,1
427,"VALTER PEREIRA","PMDB","MS",NA,NA,1,1,1,1,1,NA,1,2,2,2,NA,NA,NA,1,2
474,"VASCO FURLAN","PPR","SC",1,NA,NA,NA,NA,1,1,NA,1,NA,2,1,1,1,NA,2,NA
107,"VICENTE FIALHO","PFL","CE",NA,NA,NA,NA,1,1,NA,NA,NA,2,NA,1,1,1,NA,1,1
504,"VICTOR FACCIONI","PPR","RS",1,2,1,NA,NA,NA,1,NA,1,NA,2,NA,1,NA,NA,NA,NA
559,"VILMAR ROCHA","PFL","GO",NA,2,1,NA,1,NA,1,NA,1,2,2,3,1,NA,1,NA,1
420,"VIRMONDES CRUVINEL","PMDB","GO",1,2,1,1,1,1,1,NA,1,NA,2,NA,2,1,1,NA,1
128,"VITAL DO REGO","PDT","PB",1,2,1,NA,1,1,NA,NA,1,NA,1,1,2,1,NA,NA,NA
128,"VITAL DO REGO",NA,"PB",NA,NA,NA,NA,NA,NA,NA,NA,NA,NA,NA,NA,NA,NA,NA,1,NA
170,"VITORIO MALTA","PPR","AL",1,NA,NA,NA,NA,1,1,NA,NA,NA,NA,NA,1,1,NA,NA,NA
268,"VITTORIO MEDIOLI","PSDB","MG",1,NA,1,1,NA,1,1,2,NA,NA,1,1,1,1,2,2,1
324,"VIVALDO BARBOSA","PDT","RJ",NA,NA,1,NA,2,NA,NA,1,2,2,NA,NA,NA,NA,NA,NA,NA
325,"VLADIMIR PALMEIRA","PT","RJ",2,2,2,NA,NA,NA,2,NA,1,NA,NA,1,2,NA,NA,NA,NA
269,"WAGNER DO NASCIMENTO","PP","MG",NA,2,NA,NA,NA,NA,NA,NA,1,2,NA,NA,1,2,NA,1,1
386,"WAGNER ROSSI","PMDB","SP",NA,NA,1,1,NA,1,NA,NA,NA,NA,2,NA,1,NA,NA,1,NA
218,"WALDECK ORNELAS","PFL","BA",NA,NA,NA,NA,NA,NA,NA,NA,1,NA,NA,2,1,NA,NA,1,1
428,"WALDIR GUERRA","PFL","MS",2,1,1,NA,NA,1,NA,NA,1,2,2,NA,NA,NA,NA,NA,NA
187,"WALDIR PIRES","PSDB","BA",NA,2,2,1,1,1,1,1,1,2,1,2,2,NA,NA,3,NA
569,"WALDOMIRO FIORAVANTE","PT","RS",2,2,2,NA,NA,NA,NA,NA,NA,NA,1,1,2,NA,NA,NA,NA
387,"WALTER NORY","PMDB","SP",1,NA,1,NA,2,NA,NA,1,1,2,NA,NA,NA,NA,NA,2,1
327,"WANDA REIS","PMDB","RJ",NA,NA,NA,NA,1,1,1,NA,1,2,3,NA,NA,NA,NA,NA,NA
327,"WANDA REIS","PSD","RJ",NA,2,1,NA,NA,NA,NA,NA,NA,NA,NA,NA,NA,NA,NA,NA,NA
394,"WELINTON FAGUNDES","PL","MT",NA,2,1,NA,NA,1,1,2,NA,NA,NA,1,1,1,1,1,1
457,"WERNER WANDERER","PFL","PR",NA,NA,NA,1,NA,1,NA,NA,1,NA,2,2,1,NA,1,NA,NA
162,"WILSON CAMPOS","PSDB","PE",2,2,2,NA,NA,NA,1,1,1,2,1,1,1,1,NA,1,1
270,"WILSON CUNHA","PTB","MG",1,2,1,NA,1,NA,NA,NA,NA,NA,NA,NA,NA,1,NA,2,NA
458,"WILSON MOREIRA","PSDB","PR",NA,1,NA,NA,1,NA,1,1,1,2,1,2,1,NA,2,2,1
505,"WILSON MULLER","PDT","RS",NA,2,1,NA,NA,2,NA,1,2,2,1,NA,2,NA,1,NA,NA
271,"ZAIRE REZENDE","PMDB","MG",NA,2,1,1,1,1,1,1,1,2,2,2,NA,1,1,1,1
57,"ZILA BEZERRA","PMDB","AC",NA,NA,2,NA,1,1,1,1,NA,2,2,2,NA,2,1,1,1
135,"ZUCA MOREIRA","PMDB","PB",1,2,1,NA,1,1,1,NA,1,2,2,2,NA,NA,NA,NA,NA
